"split","event_id","tile_id","pre_image_path","post_image_path","pre_label_path","post_label_path","damage_label","binary_damage","building_count","unknown_subtype_count"
"hold","guatemala-volcano","guatemala-volcano_00000004","D:\JupyterProject\storage\tiles\geotiffs\hold\images\guatemala-volcano_00000004_pre_disaster.tif","D:\JupyterProject\storage\tiles\geotiffs\hold\images\guatemala-volcano_00000004_post_disaster.tif","D:\JupyterProject\storage\tiles\geotiffs\hold\labels\guatemala-volcano_00000004_pre_disaster.json","D:\JupyterProject\storage\tiles\geotiffs\hold\labels\guatemala-volcano_00000004_post_disaster.json","destroyed","1","20","0"
"hold","guatemala-volcano","guatemala-volcano_00000012","D:\JupyterProject\storage\tiles\geotiffs\hold\images\guatemala-volcano_00000012_pre_disaster.tif","D:\JupyterProject\storage\tiles\geotiffs\hold\images\guatemala-volcano_00000012_post_disaster.tif","D:\JupyterProject\storage\tiles\geotiffs\hold\labels\guatemala-volcano_00000012_pre_disaster.json","D:\JupyterProject\storage\tiles\geotiffs\hold\labels\guatemala-volcano_00000012_post_disaster.json","no-damage","0","33","0"
"hold","guatemala-volcano","guatemala-volcano_00000014","D:\JupyterProject\storage\tiles\geotiffs\hold\images\guatemala-volcano_00000014_pre_disaster.tif","D:\JupyterProject\storage\tiles\geotiffs\hold\images\guatemala-volcano_00000014_post_disaster.tif","D:\JupyterProject\storage\tiles\geotiffs\hold\labels\guatemala-volcano_00000014_pre_disaster.json","D:\JupyterProject\storage\tiles\geotiffs\hold\labels\guatemala-volcano_00000014_post_disaster.json","destroyed","1","6","1"
"hold","guatemala-volcano","guatemala-volcano_00000020","D:\JupyterProject\storage\tiles\geotiffs\hold\images\guatemala-volcano_00000020_pre_disaster.tif","D:\JupyterProject\storage\tiles\geotiffs\hold\images\guatemala-volcano_00000020_post_disaster.tif","D:\JupyterProject\storage\tiles\geotiffs\hold\labels\guatemala-volcano_00000020_pre_disaster.json","D:\JupyterProject\storage\tiles\geotiffs\hold\labels\guatemala-volcano_00000020_post_disaster.json","minor-damage","0","35","1"
"hold","guatemala-volcano","guatemala-volcano_00000022","D:\JupyterProject\storage\tiles\geotiffs\hold\images\guatemala-volcano_00000022_pre_disaster.tif","D:\JupyterProject\storage\tiles\geotiffs\hold\images\guatemala-volcano_00000022_post_disaster.tif","D:\JupyterProject\storage\tiles\geotiffs\hold\labels\guatemala-volcano_00000022_pre_disaster.json","D:\JupyterProject\storage\tiles\geotiffs\hold\labels\guatemala-volcano_00000022_post_disaster.json","destroyed","1","7","0"
"hold","hurricane-florence","hurricane-florence_00000006","D:\JupyterProject\storage\tiles\geotiffs\hold\images\hurricane-florence_00000006_pre_disaster.tif","D:\JupyterProject\storage\tiles\geotiffs\hold\images\hurricane-florence_00000006_post_disaster.tif","D:\JupyterProject\storage\tiles\geotiffs\hold\labels\hurricane-florence_00000006_pre_disaster.json","D:\JupyterProject\storage\tiles\geotiffs\hold\labels\hurricane-florence_00000006_post_disaster.json","no-damage","0","114","0"
"hold","hurricane-florence","hurricane-florence_00000009","D:\JupyterProject\storage\tiles\geotiffs\hold\images\hurricane-florence_00000009_pre_disaster.tif","D:\JupyterProject\storage\tiles\geotiffs\hold\images\hurricane-florence_00000009_post_disaster.tif","D:\JupyterProject\storage\tiles\geotiffs\hold\labels\hurricane-florence_00000009_pre_disaster.json","D:\JupyterProject\storage\tiles\geotiffs\hold\labels\hurricane-florence_00000009_post_disaster.json","no-damage","0","116","171"
"hold","hurricane-florence","hurricane-florence_00000010","D:\JupyterProject\storage\tiles\geotiffs\hold\images\hurricane-florence_00000010_pre_disaster.tif","D:\JupyterProject\storage\tiles\geotiffs\hold\images\hurricane-florence_00000010_post_disaster.tif","D:\JupyterProject\storage\tiles\geotiffs\hold\labels\hurricane-florence_00000010_pre_disaster.json","D:\JupyterProject\storage\tiles\geotiffs\hold\labels\hurricane-florence_00000010_post_disaster.json","no-damage","0","56","5"
"hold","hurricane-florence","hurricane-florence_00000011","D:\JupyterProject\storage\tiles\geotiffs\hold\images\hurricane-florence_00000011_pre_disaster.tif","D:\JupyterProject\storage\tiles\geotiffs\hold\images\hurricane-florence_00000011_post_disaster.tif","D:\JupyterProject\storage\tiles\geotiffs\hold\labels\hurricane-florence_00000011_pre_disaster.json","D:\JupyterProject\storage\tiles\geotiffs\hold\labels\hurricane-florence_00000011_post_disaster.json","no-damage","0","58","38"
"hold","hurricane-florence","hurricane-florence_00000014","D:\JupyterProject\storage\tiles\geotiffs\hold\images\hurricane-florence_00000014_pre_disaster.tif","D:\JupyterProject\storage\tiles\geotiffs\hold\images\hurricane-florence_00000014_post_disaster.tif","D:\JupyterProject\storage\tiles\geotiffs\hold\labels\hurricane-florence_00000014_pre_disaster.json","D:\JupyterProject\storage\tiles\geotiffs\hold\labels\hurricane-florence_00000014_post_disaster.json","no-damage","0","151","0"
"hold","hurricane-florence","hurricane-florence_00000017","D:\JupyterProject\storage\tiles\geotiffs\hold\images\hurricane-florence_00000017_pre_disaster.tif","D:\JupyterProject\storage\tiles\geotiffs\hold\images\hurricane-florence_00000017_post_disaster.tif","D:\JupyterProject\storage\tiles\geotiffs\hold\labels\hurricane-florence_00000017_pre_disaster.json","D:\JupyterProject\storage\tiles\geotiffs\hold\labels\hurricane-florence_00000017_post_disaster.json","no-damage","0","111","50"
"hold","hurricane-florence","hurricane-florence_00000021","D:\JupyterProject\storage\tiles\geotiffs\hold\images\hurricane-florence_00000021_pre_disaster.tif","D:\JupyterProject\storage\tiles\geotiffs\hold\images\hurricane-florence_00000021_post_disaster.tif","D:\JupyterProject\storage\tiles\geotiffs\hold\labels\hurricane-florence_00000021_pre_disaster.json","D:\JupyterProject\storage\tiles\geotiffs\hold\labels\hurricane-florence_00000021_post_disaster.json","destroyed","1","11","0"
"hold","hurricane-florence","hurricane-florence_00000025","D:\JupyterProject\storage\tiles\geotiffs\hold\images\hurricane-florence_00000025_pre_disaster.tif","D:\JupyterProject\storage\tiles\geotiffs\hold\images\hurricane-florence_00000025_post_disaster.tif","D:\JupyterProject\storage\tiles\geotiffs\hold\labels\hurricane-florence_00000025_pre_disaster.json","D:\JupyterProject\storage\tiles\geotiffs\hold\labels\hurricane-florence_00000025_post_disaster.json","no-damage","0","0","0"
"hold","hurricane-florence","hurricane-florence_00000033","D:\JupyterProject\storage\tiles\geotiffs\hold\images\hurricane-florence_00000033_pre_disaster.tif","D:\JupyterProject\storage\tiles\geotiffs\hold\images\hurricane-florence_00000033_post_disaster.tif","D:\JupyterProject\storage\tiles\geotiffs\hold\labels\hurricane-florence_00000033_pre_disaster.json","D:\JupyterProject\storage\tiles\geotiffs\hold\labels\hurricane-florence_00000033_post_disaster.json","no-damage","0","121","2"
"hold","hurricane-florence","hurricane-florence_00000034","D:\JupyterProject\storage\tiles\geotiffs\hold\images\hurricane-florence_00000034_pre_disaster.tif","D:\JupyterProject\storage\tiles\geotiffs\hold\images\hurricane-florence_00000034_post_disaster.tif","D:\JupyterProject\storage\tiles\geotiffs\hold\labels\hurricane-florence_00000034_pre_disaster.json","D:\JupyterProject\storage\tiles\geotiffs\hold\labels\hurricane-florence_00000034_post_disaster.json","destroyed","1","21","4"
"hold","hurricane-florence","hurricane-florence_00000035","D:\JupyterProject\storage\tiles\geotiffs\hold\images\hurricane-florence_00000035_pre_disaster.tif","D:\JupyterProject\storage\tiles\geotiffs\hold\images\hurricane-florence_00000035_post_disaster.tif","D:\JupyterProject\storage\tiles\geotiffs\hold\labels\hurricane-florence_00000035_pre_disaster.json","D:\JupyterProject\storage\tiles\geotiffs\hold\labels\hurricane-florence_00000035_post_disaster.json","destroyed","1","14","5"
"hold","hurricane-florence","hurricane-florence_00000038","D:\JupyterProject\storage\tiles\geotiffs\hold\images\hurricane-florence_00000038_pre_disaster.tif","D:\JupyterProject\storage\tiles\geotiffs\hold\images\hurricane-florence_00000038_post_disaster.tif","D:\JupyterProject\storage\tiles\geotiffs\hold\labels\hurricane-florence_00000038_pre_disaster.json","D:\JupyterProject\storage\tiles\geotiffs\hold\labels\hurricane-florence_00000038_post_disaster.json","no-damage","0","15","3"
"hold","hurricane-florence","hurricane-florence_00000040","D:\JupyterProject\storage\tiles\geotiffs\hold\images\hurricane-florence_00000040_pre_disaster.tif","D:\JupyterProject\storage\tiles\geotiffs\hold\images\hurricane-florence_00000040_post_disaster.tif","D:\JupyterProject\storage\tiles\geotiffs\hold\labels\hurricane-florence_00000040_pre_disaster.json","D:\JupyterProject\storage\tiles\geotiffs\hold\labels\hurricane-florence_00000040_post_disaster.json","no-damage","0","7","1"
"hold","hurricane-florence","hurricane-florence_00000041","D:\JupyterProject\storage\tiles\geotiffs\hold\images\hurricane-florence_00000041_pre_disaster.tif","D:\JupyterProject\storage\tiles\geotiffs\hold\images\hurricane-florence_00000041_post_disaster.tif","D:\JupyterProject\storage\tiles\geotiffs\hold\labels\hurricane-florence_00000041_pre_disaster.json","D:\JupyterProject\storage\tiles\geotiffs\hold\labels\hurricane-florence_00000041_post_disaster.json","no-damage","0","8","0"
"hold","hurricane-florence","hurricane-florence_00000047","D:\JupyterProject\storage\tiles\geotiffs\hold\images\hurricane-florence_00000047_pre_disaster.tif","D:\JupyterProject\storage\tiles\geotiffs\hold\images\hurricane-florence_00000047_post_disaster.tif","D:\JupyterProject\storage\tiles\geotiffs\hold\labels\hurricane-florence_00000047_pre_disaster.json","D:\JupyterProject\storage\tiles\geotiffs\hold\labels\hurricane-florence_00000047_post_disaster.json","destroyed","1","20","4"
"hold","hurricane-florence","hurricane-florence_00000050","D:\JupyterProject\storage\tiles\geotiffs\hold\images\hurricane-florence_00000050_pre_disaster.tif","D:\JupyterProject\storage\tiles\geotiffs\hold\images\hurricane-florence_00000050_post_disaster.tif","D:\JupyterProject\storage\tiles\geotiffs\hold\labels\hurricane-florence_00000050_pre_disaster.json","D:\JupyterProject\storage\tiles\geotiffs\hold\labels\hurricane-florence_00000050_post_disaster.json","destroyed","1","8","0"
"hold","hurricane-florence","hurricane-florence_00000052","D:\JupyterProject\storage\tiles\geotiffs\hold\images\hurricane-florence_00000052_pre_disaster.tif","D:\JupyterProject\storage\tiles\geotiffs\hold\images\hurricane-florence_00000052_post_disaster.tif","D:\JupyterProject\storage\tiles\geotiffs\hold\labels\hurricane-florence_00000052_pre_disaster.json","D:\JupyterProject\storage\tiles\geotiffs\hold\labels\hurricane-florence_00000052_post_disaster.json","destroyed","1","20","0"
"hold","hurricane-florence","hurricane-florence_00000068","D:\JupyterProject\storage\tiles\geotiffs\hold\images\hurricane-florence_00000068_pre_disaster.tif","D:\JupyterProject\storage\tiles\geotiffs\hold\images\hurricane-florence_00000068_post_disaster.tif","D:\JupyterProject\storage\tiles\geotiffs\hold\labels\hurricane-florence_00000068_pre_disaster.json","D:\JupyterProject\storage\tiles\geotiffs\hold\labels\hurricane-florence_00000068_post_disaster.json","major-damage","1","3","8"
"hold","hurricane-florence","hurricane-florence_00000071","D:\JupyterProject\storage\tiles\geotiffs\hold\images\hurricane-florence_00000071_pre_disaster.tif","D:\JupyterProject\storage\tiles\geotiffs\hold\images\hurricane-florence_00000071_post_disaster.tif","D:\JupyterProject\storage\tiles\geotiffs\hold\labels\hurricane-florence_00000071_pre_disaster.json","D:\JupyterProject\storage\tiles\geotiffs\hold\labels\hurricane-florence_00000071_post_disaster.json","no-damage","0","5","1"
"hold","hurricane-florence","hurricane-florence_00000074","D:\JupyterProject\storage\tiles\geotiffs\hold\images\hurricane-florence_00000074_pre_disaster.tif","D:\JupyterProject\storage\tiles\geotiffs\hold\images\hurricane-florence_00000074_post_disaster.tif","D:\JupyterProject\storage\tiles\geotiffs\hold\labels\hurricane-florence_00000074_pre_disaster.json","D:\JupyterProject\storage\tiles\geotiffs\hold\labels\hurricane-florence_00000074_post_disaster.json","major-damage","1","2","2"
"hold","hurricane-florence","hurricane-florence_00000081","D:\JupyterProject\storage\tiles\geotiffs\hold\images\hurricane-florence_00000081_pre_disaster.tif","D:\JupyterProject\storage\tiles\geotiffs\hold\images\hurricane-florence_00000081_post_disaster.tif","D:\JupyterProject\storage\tiles\geotiffs\hold\labels\hurricane-florence_00000081_pre_disaster.json","D:\JupyterProject\storage\tiles\geotiffs\hold\labels\hurricane-florence_00000081_post_disaster.json","major-damage","1","5","0"
"hold","hurricane-florence","hurricane-florence_00000089","D:\JupyterProject\storage\tiles\geotiffs\hold\images\hurricane-florence_00000089_pre_disaster.tif","D:\JupyterProject\storage\tiles\geotiffs\hold\images\hurricane-florence_00000089_post_disaster.tif","D:\JupyterProject\storage\tiles\geotiffs\hold\labels\hurricane-florence_00000089_pre_disaster.json","D:\JupyterProject\storage\tiles\geotiffs\hold\labels\hurricane-florence_00000089_post_disaster.json","major-damage","1","15","0"
"hold","hurricane-florence","hurricane-florence_00000090","D:\JupyterProject\storage\tiles\geotiffs\hold\images\hurricane-florence_00000090_pre_disaster.tif","D:\JupyterProject\storage\tiles\geotiffs\hold\images\hurricane-florence_00000090_post_disaster.tif","D:\JupyterProject\storage\tiles\geotiffs\hold\labels\hurricane-florence_00000090_pre_disaster.json","D:\JupyterProject\storage\tiles\geotiffs\hold\labels\hurricane-florence_00000090_post_disaster.json","major-damage","1","5","0"
"hold","hurricane-florence","hurricane-florence_00000097","D:\JupyterProject\storage\tiles\geotiffs\hold\images\hurricane-florence_00000097_pre_disaster.tif","D:\JupyterProject\storage\tiles\geotiffs\hold\images\hurricane-florence_00000097_post_disaster.tif","D:\JupyterProject\storage\tiles\geotiffs\hold\labels\hurricane-florence_00000097_pre_disaster.json","D:\JupyterProject\storage\tiles\geotiffs\hold\labels\hurricane-florence_00000097_post_disaster.json","major-damage","1","17","0"
"hold","hurricane-florence","hurricane-florence_00000098","D:\JupyterProject\storage\tiles\geotiffs\hold\images\hurricane-florence_00000098_pre_disaster.tif","D:\JupyterProject\storage\tiles\geotiffs\hold\images\hurricane-florence_00000098_post_disaster.tif","D:\JupyterProject\storage\tiles\geotiffs\hold\labels\hurricane-florence_00000098_pre_disaster.json","D:\JupyterProject\storage\tiles\geotiffs\hold\labels\hurricane-florence_00000098_post_disaster.json","no-damage","0","3","0"
"hold","hurricane-florence","hurricane-florence_00000105","D:\JupyterProject\storage\tiles\geotiffs\hold\images\hurricane-florence_00000105_pre_disaster.tif","D:\JupyterProject\storage\tiles\geotiffs\hold\images\hurricane-florence_00000105_post_disaster.tif","D:\JupyterProject\storage\tiles\geotiffs\hold\labels\hurricane-florence_00000105_pre_disaster.json","D:\JupyterProject\storage\tiles\geotiffs\hold\labels\hurricane-florence_00000105_post_disaster.json","major-damage","1","1","0"
"hold","hurricane-florence","hurricane-florence_00000107","D:\JupyterProject\storage\tiles\geotiffs\hold\images\hurricane-florence_00000107_pre_disaster.tif","D:\JupyterProject\storage\tiles\geotiffs\hold\images\hurricane-florence_00000107_post_disaster.tif","D:\JupyterProject\storage\tiles\geotiffs\hold\labels\hurricane-florence_00000107_pre_disaster.json","D:\JupyterProject\storage\tiles\geotiffs\hold\labels\hurricane-florence_00000107_post_disaster.json","major-damage","1","8","0"
"hold","hurricane-florence","hurricane-florence_00000108","D:\JupyterProject\storage\tiles\geotiffs\hold\images\hurricane-florence_00000108_pre_disaster.tif","D:\JupyterProject\storage\tiles\geotiffs\hold\images\hurricane-florence_00000108_post_disaster.tif","D:\JupyterProject\storage\tiles\geotiffs\hold\labels\hurricane-florence_00000108_pre_disaster.json","D:\JupyterProject\storage\tiles\geotiffs\hold\labels\hurricane-florence_00000108_post_disaster.json","no-damage","0","0","0"
"hold","hurricane-florence","hurricane-florence_00000109","D:\JupyterProject\storage\tiles\geotiffs\hold\images\hurricane-florence_00000109_pre_disaster.tif","D:\JupyterProject\storage\tiles\geotiffs\hold\images\hurricane-florence_00000109_post_disaster.tif","D:\JupyterProject\storage\tiles\geotiffs\hold\labels\hurricane-florence_00000109_pre_disaster.json","D:\JupyterProject\storage\tiles\geotiffs\hold\labels\hurricane-florence_00000109_post_disaster.json","major-damage","1","9","0"
"hold","hurricane-florence","hurricane-florence_00000121","D:\JupyterProject\storage\tiles\geotiffs\hold\images\hurricane-florence_00000121_pre_disaster.tif","D:\JupyterProject\storage\tiles\geotiffs\hold\images\hurricane-florence_00000121_post_disaster.tif","D:\JupyterProject\storage\tiles\geotiffs\hold\labels\hurricane-florence_00000121_pre_disaster.json","D:\JupyterProject\storage\tiles\geotiffs\hold\labels\hurricane-florence_00000121_post_disaster.json","no-damage","0","1","0"
"hold","hurricane-florence","hurricane-florence_00000124","D:\JupyterProject\storage\tiles\geotiffs\hold\images\hurricane-florence_00000124_pre_disaster.tif","D:\JupyterProject\storage\tiles\geotiffs\hold\images\hurricane-florence_00000124_post_disaster.tif","D:\JupyterProject\storage\tiles\geotiffs\hold\labels\hurricane-florence_00000124_pre_disaster.json","D:\JupyterProject\storage\tiles\geotiffs\hold\labels\hurricane-florence_00000124_post_disaster.json","major-damage","1","7","0"
"hold","hurricane-florence","hurricane-florence_00000130","D:\JupyterProject\storage\tiles\geotiffs\hold\images\hurricane-florence_00000130_pre_disaster.tif","D:\JupyterProject\storage\tiles\geotiffs\hold\images\hurricane-florence_00000130_post_disaster.tif","D:\JupyterProject\storage\tiles\geotiffs\hold\labels\hurricane-florence_00000130_pre_disaster.json","D:\JupyterProject\storage\tiles\geotiffs\hold\labels\hurricane-florence_00000130_post_disaster.json","major-damage","1","3","0"
"hold","hurricane-florence","hurricane-florence_00000134","D:\JupyterProject\storage\tiles\geotiffs\hold\images\hurricane-florence_00000134_pre_disaster.tif","D:\JupyterProject\storage\tiles\geotiffs\hold\images\hurricane-florence_00000134_post_disaster.tif","D:\JupyterProject\storage\tiles\geotiffs\hold\labels\hurricane-florence_00000134_pre_disaster.json","D:\JupyterProject\storage\tiles\geotiffs\hold\labels\hurricane-florence_00000134_post_disaster.json","major-damage","1","5","0"
"hold","hurricane-florence","hurricane-florence_00000137","D:\JupyterProject\storage\tiles\geotiffs\hold\images\hurricane-florence_00000137_pre_disaster.tif","D:\JupyterProject\storage\tiles\geotiffs\hold\images\hurricane-florence_00000137_post_disaster.tif","D:\JupyterProject\storage\tiles\geotiffs\hold\labels\hurricane-florence_00000137_pre_disaster.json","D:\JupyterProject\storage\tiles\geotiffs\hold\labels\hurricane-florence_00000137_post_disaster.json","major-damage","1","5","0"
"hold","hurricane-florence","hurricane-florence_00000154","D:\JupyterProject\storage\tiles\geotiffs\hold\images\hurricane-florence_00000154_pre_disaster.tif","D:\JupyterProject\storage\tiles\geotiffs\hold\images\hurricane-florence_00000154_post_disaster.tif","D:\JupyterProject\storage\tiles\geotiffs\hold\labels\hurricane-florence_00000154_pre_disaster.json","D:\JupyterProject\storage\tiles\geotiffs\hold\labels\hurricane-florence_00000154_post_disaster.json","no-damage","0","2","0"
"hold","hurricane-florence","hurricane-florence_00000155","D:\JupyterProject\storage\tiles\geotiffs\hold\images\hurricane-florence_00000155_pre_disaster.tif","D:\JupyterProject\storage\tiles\geotiffs\hold\images\hurricane-florence_00000155_post_disaster.tif","D:\JupyterProject\storage\tiles\geotiffs\hold\labels\hurricane-florence_00000155_pre_disaster.json","D:\JupyterProject\storage\tiles\geotiffs\hold\labels\hurricane-florence_00000155_post_disaster.json","no-damage","0","13","3"
"hold","hurricane-florence","hurricane-florence_00000157","D:\JupyterProject\storage\tiles\geotiffs\hold\images\hurricane-florence_00000157_pre_disaster.tif","D:\JupyterProject\storage\tiles\geotiffs\hold\images\hurricane-florence_00000157_post_disaster.tif","D:\JupyterProject\storage\tiles\geotiffs\hold\labels\hurricane-florence_00000157_pre_disaster.json","D:\JupyterProject\storage\tiles\geotiffs\hold\labels\hurricane-florence_00000157_post_disaster.json","major-damage","1","5","0"
"hold","hurricane-florence","hurricane-florence_00000161","D:\JupyterProject\storage\tiles\geotiffs\hold\images\hurricane-florence_00000161_pre_disaster.tif","D:\JupyterProject\storage\tiles\geotiffs\hold\images\hurricane-florence_00000161_post_disaster.tif","D:\JupyterProject\storage\tiles\geotiffs\hold\labels\hurricane-florence_00000161_pre_disaster.json","D:\JupyterProject\storage\tiles\geotiffs\hold\labels\hurricane-florence_00000161_post_disaster.json","no-damage","0","11","0"
"hold","hurricane-florence","hurricane-florence_00000162","D:\JupyterProject\storage\tiles\geotiffs\hold\images\hurricane-florence_00000162_pre_disaster.tif","D:\JupyterProject\storage\tiles\geotiffs\hold\images\hurricane-florence_00000162_post_disaster.tif","D:\JupyterProject\storage\tiles\geotiffs\hold\labels\hurricane-florence_00000162_pre_disaster.json","D:\JupyterProject\storage\tiles\geotiffs\hold\labels\hurricane-florence_00000162_post_disaster.json","major-damage","1","7","0"
"hold","hurricane-florence","hurricane-florence_00000170","D:\JupyterProject\storage\tiles\geotiffs\hold\images\hurricane-florence_00000170_pre_disaster.tif","D:\JupyterProject\storage\tiles\geotiffs\hold\images\hurricane-florence_00000170_post_disaster.tif","D:\JupyterProject\storage\tiles\geotiffs\hold\labels\hurricane-florence_00000170_pre_disaster.json","D:\JupyterProject\storage\tiles\geotiffs\hold\labels\hurricane-florence_00000170_post_disaster.json","no-damage","0","13","2"
"hold","hurricane-florence","hurricane-florence_00000175","D:\JupyterProject\storage\tiles\geotiffs\hold\images\hurricane-florence_00000175_pre_disaster.tif","D:\JupyterProject\storage\tiles\geotiffs\hold\images\hurricane-florence_00000175_post_disaster.tif","D:\JupyterProject\storage\tiles\geotiffs\hold\labels\hurricane-florence_00000175_pre_disaster.json","D:\JupyterProject\storage\tiles\geotiffs\hold\labels\hurricane-florence_00000175_post_disaster.json","no-damage","0","5","0"
"hold","hurricane-florence","hurricane-florence_00000198","D:\JupyterProject\storage\tiles\geotiffs\hold\images\hurricane-florence_00000198_pre_disaster.tif","D:\JupyterProject\storage\tiles\geotiffs\hold\images\hurricane-florence_00000198_post_disaster.tif","D:\JupyterProject\storage\tiles\geotiffs\hold\labels\hurricane-florence_00000198_pre_disaster.json","D:\JupyterProject\storage\tiles\geotiffs\hold\labels\hurricane-florence_00000198_post_disaster.json","no-damage","0","0","0"
"hold","hurricane-florence","hurricane-florence_00000201","D:\JupyterProject\storage\tiles\geotiffs\hold\images\hurricane-florence_00000201_pre_disaster.tif","D:\JupyterProject\storage\tiles\geotiffs\hold\images\hurricane-florence_00000201_post_disaster.tif","D:\JupyterProject\storage\tiles\geotiffs\hold\labels\hurricane-florence_00000201_pre_disaster.json","D:\JupyterProject\storage\tiles\geotiffs\hold\labels\hurricane-florence_00000201_post_disaster.json","no-damage","0","10","0"
"hold","hurricane-florence","hurricane-florence_00000202","D:\JupyterProject\storage\tiles\geotiffs\hold\images\hurricane-florence_00000202_pre_disaster.tif","D:\JupyterProject\storage\tiles\geotiffs\hold\images\hurricane-florence_00000202_post_disaster.tif","D:\JupyterProject\storage\tiles\geotiffs\hold\labels\hurricane-florence_00000202_pre_disaster.json","D:\JupyterProject\storage\tiles\geotiffs\hold\labels\hurricane-florence_00000202_post_disaster.json","no-damage","0","55","11"
"hold","hurricane-florence","hurricane-florence_00000205","D:\JupyterProject\storage\tiles\geotiffs\hold\images\hurricane-florence_00000205_pre_disaster.tif","D:\JupyterProject\storage\tiles\geotiffs\hold\images\hurricane-florence_00000205_post_disaster.tif","D:\JupyterProject\storage\tiles\geotiffs\hold\labels\hurricane-florence_00000205_pre_disaster.json","D:\JupyterProject\storage\tiles\geotiffs\hold\labels\hurricane-florence_00000205_post_disaster.json","major-damage","1","4","0"
"hold","hurricane-florence","hurricane-florence_00000206","D:\JupyterProject\storage\tiles\geotiffs\hold\images\hurricane-florence_00000206_pre_disaster.tif","D:\JupyterProject\storage\tiles\geotiffs\hold\images\hurricane-florence_00000206_post_disaster.tif","D:\JupyterProject\storage\tiles\geotiffs\hold\labels\hurricane-florence_00000206_pre_disaster.json","D:\JupyterProject\storage\tiles\geotiffs\hold\labels\hurricane-florence_00000206_post_disaster.json","minor-damage","0","2","0"
"hold","hurricane-florence","hurricane-florence_00000207","D:\JupyterProject\storage\tiles\geotiffs\hold\images\hurricane-florence_00000207_pre_disaster.tif","D:\JupyterProject\storage\tiles\geotiffs\hold\images\hurricane-florence_00000207_post_disaster.tif","D:\JupyterProject\storage\tiles\geotiffs\hold\labels\hurricane-florence_00000207_pre_disaster.json","D:\JupyterProject\storage\tiles\geotiffs\hold\labels\hurricane-florence_00000207_post_disaster.json","no-damage","0","8","1"
"hold","hurricane-florence","hurricane-florence_00000209","D:\JupyterProject\storage\tiles\geotiffs\hold\images\hurricane-florence_00000209_pre_disaster.tif","D:\JupyterProject\storage\tiles\geotiffs\hold\images\hurricane-florence_00000209_post_disaster.tif","D:\JupyterProject\storage\tiles\geotiffs\hold\labels\hurricane-florence_00000209_pre_disaster.json","D:\JupyterProject\storage\tiles\geotiffs\hold\labels\hurricane-florence_00000209_post_disaster.json","major-damage","1","8","0"
"hold","hurricane-florence","hurricane-florence_00000213","D:\JupyterProject\storage\tiles\geotiffs\hold\images\hurricane-florence_00000213_pre_disaster.tif","D:\JupyterProject\storage\tiles\geotiffs\hold\images\hurricane-florence_00000213_post_disaster.tif","D:\JupyterProject\storage\tiles\geotiffs\hold\labels\hurricane-florence_00000213_pre_disaster.json","D:\JupyterProject\storage\tiles\geotiffs\hold\labels\hurricane-florence_00000213_post_disaster.json","minor-damage","0","10","2"
"hold","hurricane-florence","hurricane-florence_00000214","D:\JupyterProject\storage\tiles\geotiffs\hold\images\hurricane-florence_00000214_pre_disaster.tif","D:\JupyterProject\storage\tiles\geotiffs\hold\images\hurricane-florence_00000214_post_disaster.tif","D:\JupyterProject\storage\tiles\geotiffs\hold\labels\hurricane-florence_00000214_pre_disaster.json","D:\JupyterProject\storage\tiles\geotiffs\hold\labels\hurricane-florence_00000214_post_disaster.json","no-damage","0","130","2"
"hold","hurricane-florence","hurricane-florence_00000220","D:\JupyterProject\storage\tiles\geotiffs\hold\images\hurricane-florence_00000220_pre_disaster.tif","D:\JupyterProject\storage\tiles\geotiffs\hold\images\hurricane-florence_00000220_post_disaster.tif","D:\JupyterProject\storage\tiles\geotiffs\hold\labels\hurricane-florence_00000220_pre_disaster.json","D:\JupyterProject\storage\tiles\geotiffs\hold\labels\hurricane-florence_00000220_post_disaster.json","major-damage","1","1","0"
"hold","hurricane-florence","hurricane-florence_00000223","D:\JupyterProject\storage\tiles\geotiffs\hold\images\hurricane-florence_00000223_pre_disaster.tif","D:\JupyterProject\storage\tiles\geotiffs\hold\images\hurricane-florence_00000223_post_disaster.tif","D:\JupyterProject\storage\tiles\geotiffs\hold\labels\hurricane-florence_00000223_pre_disaster.json","D:\JupyterProject\storage\tiles\geotiffs\hold\labels\hurricane-florence_00000223_post_disaster.json","no-damage","0","29","0"
"hold","hurricane-florence","hurricane-florence_00000227","D:\JupyterProject\storage\tiles\geotiffs\hold\images\hurricane-florence_00000227_pre_disaster.tif","D:\JupyterProject\storage\tiles\geotiffs\hold\images\hurricane-florence_00000227_post_disaster.tif","D:\JupyterProject\storage\tiles\geotiffs\hold\labels\hurricane-florence_00000227_pre_disaster.json","D:\JupyterProject\storage\tiles\geotiffs\hold\labels\hurricane-florence_00000227_post_disaster.json","no-damage","0","25","0"
"hold","hurricane-florence","hurricane-florence_00000230","D:\JupyterProject\storage\tiles\geotiffs\hold\images\hurricane-florence_00000230_pre_disaster.tif","D:\JupyterProject\storage\tiles\geotiffs\hold\images\hurricane-florence_00000230_post_disaster.tif","D:\JupyterProject\storage\tiles\geotiffs\hold\labels\hurricane-florence_00000230_pre_disaster.json","D:\JupyterProject\storage\tiles\geotiffs\hold\labels\hurricane-florence_00000230_post_disaster.json","no-damage","0","68","0"
"hold","hurricane-florence","hurricane-florence_00000234","D:\JupyterProject\storage\tiles\geotiffs\hold\images\hurricane-florence_00000234_pre_disaster.tif","D:\JupyterProject\storage\tiles\geotiffs\hold\images\hurricane-florence_00000234_post_disaster.tif","D:\JupyterProject\storage\tiles\geotiffs\hold\labels\hurricane-florence_00000234_pre_disaster.json","D:\JupyterProject\storage\tiles\geotiffs\hold\labels\hurricane-florence_00000234_post_disaster.json","major-damage","1","6","1"
"hold","hurricane-florence","hurricane-florence_00000236","D:\JupyterProject\storage\tiles\geotiffs\hold\images\hurricane-florence_00000236_pre_disaster.tif","D:\JupyterProject\storage\tiles\geotiffs\hold\images\hurricane-florence_00000236_post_disaster.tif","D:\JupyterProject\storage\tiles\geotiffs\hold\labels\hurricane-florence_00000236_pre_disaster.json","D:\JupyterProject\storage\tiles\geotiffs\hold\labels\hurricane-florence_00000236_post_disaster.json","no-damage","0","22","1"
"hold","hurricane-florence","hurricane-florence_00000238","D:\JupyterProject\storage\tiles\geotiffs\hold\images\hurricane-florence_00000238_pre_disaster.tif","D:\JupyterProject\storage\tiles\geotiffs\hold\images\hurricane-florence_00000238_post_disaster.tif","D:\JupyterProject\storage\tiles\geotiffs\hold\labels\hurricane-florence_00000238_pre_disaster.json","D:\JupyterProject\storage\tiles\geotiffs\hold\labels\hurricane-florence_00000238_post_disaster.json","no-damage","0","0","0"
"hold","hurricane-florence","hurricane-florence_00000239","D:\JupyterProject\storage\tiles\geotiffs\hold\images\hurricane-florence_00000239_pre_disaster.tif","D:\JupyterProject\storage\tiles\geotiffs\hold\images\hurricane-florence_00000239_post_disaster.tif","D:\JupyterProject\storage\tiles\geotiffs\hold\labels\hurricane-florence_00000239_pre_disaster.json","D:\JupyterProject\storage\tiles\geotiffs\hold\labels\hurricane-florence_00000239_post_disaster.json","major-damage","1","6","0"
"hold","hurricane-florence","hurricane-florence_00000241","D:\JupyterProject\storage\tiles\geotiffs\hold\images\hurricane-florence_00000241_pre_disaster.tif","D:\JupyterProject\storage\tiles\geotiffs\hold\images\hurricane-florence_00000241_post_disaster.tif","D:\JupyterProject\storage\tiles\geotiffs\hold\labels\hurricane-florence_00000241_pre_disaster.json","D:\JupyterProject\storage\tiles\geotiffs\hold\labels\hurricane-florence_00000241_post_disaster.json","no-damage","0","12","1"
"hold","hurricane-florence","hurricane-florence_00000243","D:\JupyterProject\storage\tiles\geotiffs\hold\images\hurricane-florence_00000243_pre_disaster.tif","D:\JupyterProject\storage\tiles\geotiffs\hold\images\hurricane-florence_00000243_post_disaster.tif","D:\JupyterProject\storage\tiles\geotiffs\hold\labels\hurricane-florence_00000243_pre_disaster.json","D:\JupyterProject\storage\tiles\geotiffs\hold\labels\hurricane-florence_00000243_post_disaster.json","no-damage","0","22","0"
"hold","hurricane-florence","hurricane-florence_00000246","D:\JupyterProject\storage\tiles\geotiffs\hold\images\hurricane-florence_00000246_pre_disaster.tif","D:\JupyterProject\storage\tiles\geotiffs\hold\images\hurricane-florence_00000246_post_disaster.tif","D:\JupyterProject\storage\tiles\geotiffs\hold\labels\hurricane-florence_00000246_pre_disaster.json","D:\JupyterProject\storage\tiles\geotiffs\hold\labels\hurricane-florence_00000246_post_disaster.json","no-damage","0","2","0"
"hold","hurricane-florence","hurricane-florence_00000248","D:\JupyterProject\storage\tiles\geotiffs\hold\images\hurricane-florence_00000248_pre_disaster.tif","D:\JupyterProject\storage\tiles\geotiffs\hold\images\hurricane-florence_00000248_post_disaster.tif","D:\JupyterProject\storage\tiles\geotiffs\hold\labels\hurricane-florence_00000248_pre_disaster.json","D:\JupyterProject\storage\tiles\geotiffs\hold\labels\hurricane-florence_00000248_post_disaster.json","no-damage","0","0","11"
"hold","hurricane-florence","hurricane-florence_00000250","D:\JupyterProject\storage\tiles\geotiffs\hold\images\hurricane-florence_00000250_pre_disaster.tif","D:\JupyterProject\storage\tiles\geotiffs\hold\images\hurricane-florence_00000250_post_disaster.tif","D:\JupyterProject\storage\tiles\geotiffs\hold\labels\hurricane-florence_00000250_pre_disaster.json","D:\JupyterProject\storage\tiles\geotiffs\hold\labels\hurricane-florence_00000250_post_disaster.json","no-damage","0","5","0"
"hold","hurricane-florence","hurricane-florence_00000254","D:\JupyterProject\storage\tiles\geotiffs\hold\images\hurricane-florence_00000254_pre_disaster.tif","D:\JupyterProject\storage\tiles\geotiffs\hold\images\hurricane-florence_00000254_post_disaster.tif","D:\JupyterProject\storage\tiles\geotiffs\hold\labels\hurricane-florence_00000254_pre_disaster.json","D:\JupyterProject\storage\tiles\geotiffs\hold\labels\hurricane-florence_00000254_post_disaster.json","minor-damage","0","21","0"
"hold","hurricane-florence","hurricane-florence_00000257","D:\JupyterProject\storage\tiles\geotiffs\hold\images\hurricane-florence_00000257_pre_disaster.tif","D:\JupyterProject\storage\tiles\geotiffs\hold\images\hurricane-florence_00000257_post_disaster.tif","D:\JupyterProject\storage\tiles\geotiffs\hold\labels\hurricane-florence_00000257_pre_disaster.json","D:\JupyterProject\storage\tiles\geotiffs\hold\labels\hurricane-florence_00000257_post_disaster.json","no-damage","0","38","0"
"hold","hurricane-florence","hurricane-florence_00000258","D:\JupyterProject\storage\tiles\geotiffs\hold\images\hurricane-florence_00000258_pre_disaster.tif","D:\JupyterProject\storage\tiles\geotiffs\hold\images\hurricane-florence_00000258_post_disaster.tif","D:\JupyterProject\storage\tiles\geotiffs\hold\labels\hurricane-florence_00000258_pre_disaster.json","D:\JupyterProject\storage\tiles\geotiffs\hold\labels\hurricane-florence_00000258_post_disaster.json","no-damage","0","13","0"
"hold","hurricane-florence","hurricane-florence_00000261","D:\JupyterProject\storage\tiles\geotiffs\hold\images\hurricane-florence_00000261_pre_disaster.tif","D:\JupyterProject\storage\tiles\geotiffs\hold\images\hurricane-florence_00000261_post_disaster.tif","D:\JupyterProject\storage\tiles\geotiffs\hold\labels\hurricane-florence_00000261_pre_disaster.json","D:\JupyterProject\storage\tiles\geotiffs\hold\labels\hurricane-florence_00000261_post_disaster.json","major-damage","1","2","0"
"hold","hurricane-florence","hurricane-florence_00000270","D:\JupyterProject\storage\tiles\geotiffs\hold\images\hurricane-florence_00000270_pre_disaster.tif","D:\JupyterProject\storage\tiles\geotiffs\hold\images\hurricane-florence_00000270_post_disaster.tif","D:\JupyterProject\storage\tiles\geotiffs\hold\labels\hurricane-florence_00000270_pre_disaster.json","D:\JupyterProject\storage\tiles\geotiffs\hold\labels\hurricane-florence_00000270_post_disaster.json","no-damage","0","0","0"
"hold","hurricane-florence","hurricane-florence_00000271","D:\JupyterProject\storage\tiles\geotiffs\hold\images\hurricane-florence_00000271_pre_disaster.tif","D:\JupyterProject\storage\tiles\geotiffs\hold\images\hurricane-florence_00000271_post_disaster.tif","D:\JupyterProject\storage\tiles\geotiffs\hold\labels\hurricane-florence_00000271_pre_disaster.json","D:\JupyterProject\storage\tiles\geotiffs\hold\labels\hurricane-florence_00000271_post_disaster.json","major-damage","1","2","0"
"hold","hurricane-florence","hurricane-florence_00000280","D:\JupyterProject\storage\tiles\geotiffs\hold\images\hurricane-florence_00000280_pre_disaster.tif","D:\JupyterProject\storage\tiles\geotiffs\hold\images\hurricane-florence_00000280_post_disaster.tif","D:\JupyterProject\storage\tiles\geotiffs\hold\labels\hurricane-florence_00000280_pre_disaster.json","D:\JupyterProject\storage\tiles\geotiffs\hold\labels\hurricane-florence_00000280_post_disaster.json","no-damage","0","14","0"
"hold","hurricane-florence","hurricane-florence_00000281","D:\JupyterProject\storage\tiles\geotiffs\hold\images\hurricane-florence_00000281_pre_disaster.tif","D:\JupyterProject\storage\tiles\geotiffs\hold\images\hurricane-florence_00000281_post_disaster.tif","D:\JupyterProject\storage\tiles\geotiffs\hold\labels\hurricane-florence_00000281_pre_disaster.json","D:\JupyterProject\storage\tiles\geotiffs\hold\labels\hurricane-florence_00000281_post_disaster.json","no-damage","0","0","0"
"hold","hurricane-florence","hurricane-florence_00000283","D:\JupyterProject\storage\tiles\geotiffs\hold\images\hurricane-florence_00000283_pre_disaster.tif","D:\JupyterProject\storage\tiles\geotiffs\hold\images\hurricane-florence_00000283_post_disaster.tif","D:\JupyterProject\storage\tiles\geotiffs\hold\labels\hurricane-florence_00000283_pre_disaster.json","D:\JupyterProject\storage\tiles\geotiffs\hold\labels\hurricane-florence_00000283_post_disaster.json","no-damage","0","50","0"
"hold","hurricane-florence","hurricane-florence_00000287","D:\JupyterProject\storage\tiles\geotiffs\hold\images\hurricane-florence_00000287_pre_disaster.tif","D:\JupyterProject\storage\tiles\geotiffs\hold\images\hurricane-florence_00000287_post_disaster.tif","D:\JupyterProject\storage\tiles\geotiffs\hold\labels\hurricane-florence_00000287_pre_disaster.json","D:\JupyterProject\storage\tiles\geotiffs\hold\labels\hurricane-florence_00000287_post_disaster.json","no-damage","0","6","0"
"hold","hurricane-florence","hurricane-florence_00000291","D:\JupyterProject\storage\tiles\geotiffs\hold\images\hurricane-florence_00000291_pre_disaster.tif","D:\JupyterProject\storage\tiles\geotiffs\hold\images\hurricane-florence_00000291_post_disaster.tif","D:\JupyterProject\storage\tiles\geotiffs\hold\labels\hurricane-florence_00000291_pre_disaster.json","D:\JupyterProject\storage\tiles\geotiffs\hold\labels\hurricane-florence_00000291_post_disaster.json","no-damage","0","0","0"
"hold","hurricane-florence","hurricane-florence_00000295","D:\JupyterProject\storage\tiles\geotiffs\hold\images\hurricane-florence_00000295_pre_disaster.tif","D:\JupyterProject\storage\tiles\geotiffs\hold\images\hurricane-florence_00000295_post_disaster.tif","D:\JupyterProject\storage\tiles\geotiffs\hold\labels\hurricane-florence_00000295_pre_disaster.json","D:\JupyterProject\storage\tiles\geotiffs\hold\labels\hurricane-florence_00000295_post_disaster.json","no-damage","0","5","1"
"hold","hurricane-florence","hurricane-florence_00000299","D:\JupyterProject\storage\tiles\geotiffs\hold\images\hurricane-florence_00000299_pre_disaster.tif","D:\JupyterProject\storage\tiles\geotiffs\hold\images\hurricane-florence_00000299_post_disaster.tif","D:\JupyterProject\storage\tiles\geotiffs\hold\labels\hurricane-florence_00000299_pre_disaster.json","D:\JupyterProject\storage\tiles\geotiffs\hold\labels\hurricane-florence_00000299_post_disaster.json","no-damage","0","12","2"
"hold","hurricane-florence","hurricane-florence_00000305","D:\JupyterProject\storage\tiles\geotiffs\hold\images\hurricane-florence_00000305_pre_disaster.tif","D:\JupyterProject\storage\tiles\geotiffs\hold\images\hurricane-florence_00000305_post_disaster.tif","D:\JupyterProject\storage\tiles\geotiffs\hold\labels\hurricane-florence_00000305_pre_disaster.json","D:\JupyterProject\storage\tiles\geotiffs\hold\labels\hurricane-florence_00000305_post_disaster.json","no-damage","0","29","0"
"hold","hurricane-florence","hurricane-florence_00000311","D:\JupyterProject\storage\tiles\geotiffs\hold\images\hurricane-florence_00000311_pre_disaster.tif","D:\JupyterProject\storage\tiles\geotiffs\hold\images\hurricane-florence_00000311_post_disaster.tif","D:\JupyterProject\storage\tiles\geotiffs\hold\labels\hurricane-florence_00000311_pre_disaster.json","D:\JupyterProject\storage\tiles\geotiffs\hold\labels\hurricane-florence_00000311_post_disaster.json","major-damage","1","17","0"
"hold","hurricane-florence","hurricane-florence_00000322","D:\JupyterProject\storage\tiles\geotiffs\hold\images\hurricane-florence_00000322_pre_disaster.tif","D:\JupyterProject\storage\tiles\geotiffs\hold\images\hurricane-florence_00000322_post_disaster.tif","D:\JupyterProject\storage\tiles\geotiffs\hold\labels\hurricane-florence_00000322_pre_disaster.json","D:\JupyterProject\storage\tiles\geotiffs\hold\labels\hurricane-florence_00000322_post_disaster.json","minor-damage","0","43","0"
"hold","hurricane-florence","hurricane-florence_00000327","D:\JupyterProject\storage\tiles\geotiffs\hold\images\hurricane-florence_00000327_pre_disaster.tif","D:\JupyterProject\storage\tiles\geotiffs\hold\images\hurricane-florence_00000327_post_disaster.tif","D:\JupyterProject\storage\tiles\geotiffs\hold\labels\hurricane-florence_00000327_pre_disaster.json","D:\JupyterProject\storage\tiles\geotiffs\hold\labels\hurricane-florence_00000327_post_disaster.json","no-damage","0","15","0"
"hold","hurricane-florence","hurricane-florence_00000339","D:\JupyterProject\storage\tiles\geotiffs\hold\images\hurricane-florence_00000339_pre_disaster.tif","D:\JupyterProject\storage\tiles\geotiffs\hold\images\hurricane-florence_00000339_post_disaster.tif","D:\JupyterProject\storage\tiles\geotiffs\hold\labels\hurricane-florence_00000339_pre_disaster.json","D:\JupyterProject\storage\tiles\geotiffs\hold\labels\hurricane-florence_00000339_post_disaster.json","no-damage","0","24","0"
"hold","hurricane-florence","hurricane-florence_00000348","D:\JupyterProject\storage\tiles\geotiffs\hold\images\hurricane-florence_00000348_pre_disaster.tif","D:\JupyterProject\storage\tiles\geotiffs\hold\images\hurricane-florence_00000348_post_disaster.tif","D:\JupyterProject\storage\tiles\geotiffs\hold\labels\hurricane-florence_00000348_pre_disaster.json","D:\JupyterProject\storage\tiles\geotiffs\hold\labels\hurricane-florence_00000348_post_disaster.json","minor-damage","0","89","0"
"hold","hurricane-florence","hurricane-florence_00000351","D:\JupyterProject\storage\tiles\geotiffs\hold\images\hurricane-florence_00000351_pre_disaster.tif","D:\JupyterProject\storage\tiles\geotiffs\hold\images\hurricane-florence_00000351_post_disaster.tif","D:\JupyterProject\storage\tiles\geotiffs\hold\labels\hurricane-florence_00000351_pre_disaster.json","D:\JupyterProject\storage\tiles\geotiffs\hold\labels\hurricane-florence_00000351_post_disaster.json","no-damage","0","35","0"
"hold","hurricane-florence","hurricane-florence_00000352","D:\JupyterProject\storage\tiles\geotiffs\hold\images\hurricane-florence_00000352_pre_disaster.tif","D:\JupyterProject\storage\tiles\geotiffs\hold\images\hurricane-florence_00000352_post_disaster.tif","D:\JupyterProject\storage\tiles\geotiffs\hold\labels\hurricane-florence_00000352_pre_disaster.json","D:\JupyterProject\storage\tiles\geotiffs\hold\labels\hurricane-florence_00000352_post_disaster.json","no-damage","0","33","0"
"hold","hurricane-florence","hurricane-florence_00000354","D:\JupyterProject\storage\tiles\geotiffs\hold\images\hurricane-florence_00000354_pre_disaster.tif","D:\JupyterProject\storage\tiles\geotiffs\hold\images\hurricane-florence_00000354_post_disaster.tif","D:\JupyterProject\storage\tiles\geotiffs\hold\labels\hurricane-florence_00000354_pre_disaster.json","D:\JupyterProject\storage\tiles\geotiffs\hold\labels\hurricane-florence_00000354_post_disaster.json","minor-damage","0","33","0"
"hold","hurricane-florence","hurricane-florence_00000358","D:\JupyterProject\storage\tiles\geotiffs\hold\images\hurricane-florence_00000358_pre_disaster.tif","D:\JupyterProject\storage\tiles\geotiffs\hold\images\hurricane-florence_00000358_post_disaster.tif","D:\JupyterProject\storage\tiles\geotiffs\hold\labels\hurricane-florence_00000358_pre_disaster.json","D:\JupyterProject\storage\tiles\geotiffs\hold\labels\hurricane-florence_00000358_post_disaster.json","major-damage","1","27","0"
"hold","hurricane-florence","hurricane-florence_00000367","D:\JupyterProject\storage\tiles\geotiffs\hold\images\hurricane-florence_00000367_pre_disaster.tif","D:\JupyterProject\storage\tiles\geotiffs\hold\images\hurricane-florence_00000367_post_disaster.tif","D:\JupyterProject\storage\tiles\geotiffs\hold\labels\hurricane-florence_00000367_pre_disaster.json","D:\JupyterProject\storage\tiles\geotiffs\hold\labels\hurricane-florence_00000367_post_disaster.json","no-damage","0","59","0"
"hold","hurricane-florence","hurricane-florence_00000373","D:\JupyterProject\storage\tiles\geotiffs\hold\images\hurricane-florence_00000373_pre_disaster.tif","D:\JupyterProject\storage\tiles\geotiffs\hold\images\hurricane-florence_00000373_post_disaster.tif","D:\JupyterProject\storage\tiles\geotiffs\hold\labels\hurricane-florence_00000373_pre_disaster.json","D:\JupyterProject\storage\tiles\geotiffs\hold\labels\hurricane-florence_00000373_post_disaster.json","no-damage","0","24","0"
"hold","hurricane-florence","hurricane-florence_00000383","D:\JupyterProject\storage\tiles\geotiffs\hold\images\hurricane-florence_00000383_pre_disaster.tif","D:\JupyterProject\storage\tiles\geotiffs\hold\images\hurricane-florence_00000383_post_disaster.tif","D:\JupyterProject\storage\tiles\geotiffs\hold\labels\hurricane-florence_00000383_pre_disaster.json","D:\JupyterProject\storage\tiles\geotiffs\hold\labels\hurricane-florence_00000383_post_disaster.json","no-damage","0","43","0"
"hold","hurricane-florence","hurricane-florence_00000385","D:\JupyterProject\storage\tiles\geotiffs\hold\images\hurricane-florence_00000385_pre_disaster.tif","D:\JupyterProject\storage\tiles\geotiffs\hold\images\hurricane-florence_00000385_post_disaster.tif","D:\JupyterProject\storage\tiles\geotiffs\hold\labels\hurricane-florence_00000385_pre_disaster.json","D:\JupyterProject\storage\tiles\geotiffs\hold\labels\hurricane-florence_00000385_post_disaster.json","no-damage","0","24","0"
"hold","hurricane-florence","hurricane-florence_00000391","D:\JupyterProject\storage\tiles\geotiffs\hold\images\hurricane-florence_00000391_pre_disaster.tif","D:\JupyterProject\storage\tiles\geotiffs\hold\images\hurricane-florence_00000391_post_disaster.tif","D:\JupyterProject\storage\tiles\geotiffs\hold\labels\hurricane-florence_00000391_pre_disaster.json","D:\JupyterProject\storage\tiles\geotiffs\hold\labels\hurricane-florence_00000391_post_disaster.json","major-damage","1","20","0"
"hold","hurricane-florence","hurricane-florence_00000402","D:\JupyterProject\storage\tiles\geotiffs\hold\images\hurricane-florence_00000402_pre_disaster.tif","D:\JupyterProject\storage\tiles\geotiffs\hold\images\hurricane-florence_00000402_post_disaster.tif","D:\JupyterProject\storage\tiles\geotiffs\hold\labels\hurricane-florence_00000402_pre_disaster.json","D:\JupyterProject\storage\tiles\geotiffs\hold\labels\hurricane-florence_00000402_post_disaster.json","major-damage","1","12","0"
"hold","hurricane-florence","hurricane-florence_00000412","D:\JupyterProject\storage\tiles\geotiffs\hold\images\hurricane-florence_00000412_pre_disaster.tif","D:\JupyterProject\storage\tiles\geotiffs\hold\images\hurricane-florence_00000412_post_disaster.tif","D:\JupyterProject\storage\tiles\geotiffs\hold\labels\hurricane-florence_00000412_pre_disaster.json","D:\JupyterProject\storage\tiles\geotiffs\hold\labels\hurricane-florence_00000412_post_disaster.json","no-damage","0","52","0"
"hold","hurricane-florence","hurricane-florence_00000413","D:\JupyterProject\storage\tiles\geotiffs\hold\images\hurricane-florence_00000413_pre_disaster.tif","D:\JupyterProject\storage\tiles\geotiffs\hold\images\hurricane-florence_00000413_post_disaster.tif","D:\JupyterProject\storage\tiles\geotiffs\hold\labels\hurricane-florence_00000413_pre_disaster.json","D:\JupyterProject\storage\tiles\geotiffs\hold\labels\hurricane-florence_00000413_post_disaster.json","major-damage","1","11","0"
"hold","hurricane-florence","hurricane-florence_00000422","D:\JupyterProject\storage\tiles\geotiffs\hold\images\hurricane-florence_00000422_pre_disaster.tif","D:\JupyterProject\storage\tiles\geotiffs\hold\images\hurricane-florence_00000422_post_disaster.tif","D:\JupyterProject\storage\tiles\geotiffs\hold\labels\hurricane-florence_00000422_pre_disaster.json","D:\JupyterProject\storage\tiles\geotiffs\hold\labels\hurricane-florence_00000422_post_disaster.json","no-damage","0","0","0"
"hold","hurricane-florence","hurricane-florence_00000429","D:\JupyterProject\storage\tiles\geotiffs\hold\images\hurricane-florence_00000429_pre_disaster.tif","D:\JupyterProject\storage\tiles\geotiffs\hold\images\hurricane-florence_00000429_post_disaster.tif","D:\JupyterProject\storage\tiles\geotiffs\hold\labels\hurricane-florence_00000429_pre_disaster.json","D:\JupyterProject\storage\tiles\geotiffs\hold\labels\hurricane-florence_00000429_post_disaster.json","major-damage","1","5","0"
"hold","hurricane-florence","hurricane-florence_00000430","D:\JupyterProject\storage\tiles\geotiffs\hold\images\hurricane-florence_00000430_pre_disaster.tif","D:\JupyterProject\storage\tiles\geotiffs\hold\images\hurricane-florence_00000430_post_disaster.tif","D:\JupyterProject\storage\tiles\geotiffs\hold\labels\hurricane-florence_00000430_pre_disaster.json","D:\JupyterProject\storage\tiles\geotiffs\hold\labels\hurricane-florence_00000430_post_disaster.json","no-damage","0","50","0"
"hold","hurricane-florence","hurricane-florence_00000432","D:\JupyterProject\storage\tiles\geotiffs\hold\images\hurricane-florence_00000432_pre_disaster.tif","D:\JupyterProject\storage\tiles\geotiffs\hold\images\hurricane-florence_00000432_post_disaster.tif","D:\JupyterProject\storage\tiles\geotiffs\hold\labels\hurricane-florence_00000432_pre_disaster.json","D:\JupyterProject\storage\tiles\geotiffs\hold\labels\hurricane-florence_00000432_post_disaster.json","major-damage","1","8","0"
"hold","hurricane-florence","hurricane-florence_00000439","D:\JupyterProject\storage\tiles\geotiffs\hold\images\hurricane-florence_00000439_pre_disaster.tif","D:\JupyterProject\storage\tiles\geotiffs\hold\images\hurricane-florence_00000439_post_disaster.tif","D:\JupyterProject\storage\tiles\geotiffs\hold\labels\hurricane-florence_00000439_pre_disaster.json","D:\JupyterProject\storage\tiles\geotiffs\hold\labels\hurricane-florence_00000439_post_disaster.json","major-damage","1","24","0"
"hold","hurricane-florence","hurricane-florence_00000440","D:\JupyterProject\storage\tiles\geotiffs\hold\images\hurricane-florence_00000440_pre_disaster.tif","D:\JupyterProject\storage\tiles\geotiffs\hold\images\hurricane-florence_00000440_post_disaster.tif","D:\JupyterProject\storage\tiles\geotiffs\hold\labels\hurricane-florence_00000440_pre_disaster.json","D:\JupyterProject\storage\tiles\geotiffs\hold\labels\hurricane-florence_00000440_post_disaster.json","destroyed","1","4","0"
"hold","hurricane-florence","hurricane-florence_00000447","D:\JupyterProject\storage\tiles\geotiffs\hold\images\hurricane-florence_00000447_pre_disaster.tif","D:\JupyterProject\storage\tiles\geotiffs\hold\images\hurricane-florence_00000447_post_disaster.tif","D:\JupyterProject\storage\tiles\geotiffs\hold\labels\hurricane-florence_00000447_pre_disaster.json","D:\JupyterProject\storage\tiles\geotiffs\hold\labels\hurricane-florence_00000447_post_disaster.json","major-damage","1","5","0"
"hold","hurricane-florence","hurricane-florence_00000458","D:\JupyterProject\storage\tiles\geotiffs\hold\images\hurricane-florence_00000458_pre_disaster.tif","D:\JupyterProject\storage\tiles\geotiffs\hold\images\hurricane-florence_00000458_post_disaster.tif","D:\JupyterProject\storage\tiles\geotiffs\hold\labels\hurricane-florence_00000458_pre_disaster.json","D:\JupyterProject\storage\tiles\geotiffs\hold\labels\hurricane-florence_00000458_post_disaster.json","no-damage","0","36","0"
"hold","hurricane-florence","hurricane-florence_00000463","D:\JupyterProject\storage\tiles\geotiffs\hold\images\hurricane-florence_00000463_pre_disaster.tif","D:\JupyterProject\storage\tiles\geotiffs\hold\images\hurricane-florence_00000463_post_disaster.tif","D:\JupyterProject\storage\tiles\geotiffs\hold\labels\hurricane-florence_00000463_pre_disaster.json","D:\JupyterProject\storage\tiles\geotiffs\hold\labels\hurricane-florence_00000463_post_disaster.json","no-damage","0","7","0"
"hold","hurricane-florence","hurricane-florence_00000465","D:\JupyterProject\storage\tiles\geotiffs\hold\images\hurricane-florence_00000465_pre_disaster.tif","D:\JupyterProject\storage\tiles\geotiffs\hold\images\hurricane-florence_00000465_post_disaster.tif","D:\JupyterProject\storage\tiles\geotiffs\hold\labels\hurricane-florence_00000465_pre_disaster.json","D:\JupyterProject\storage\tiles\geotiffs\hold\labels\hurricane-florence_00000465_post_disaster.json","major-damage","1","14","0"
"hold","hurricane-florence","hurricane-florence_00000479","D:\JupyterProject\storage\tiles\geotiffs\hold\images\hurricane-florence_00000479_pre_disaster.tif","D:\JupyterProject\storage\tiles\geotiffs\hold\images\hurricane-florence_00000479_post_disaster.tif","D:\JupyterProject\storage\tiles\geotiffs\hold\labels\hurricane-florence_00000479_pre_disaster.json","D:\JupyterProject\storage\tiles\geotiffs\hold\labels\hurricane-florence_00000479_post_disaster.json","major-damage","1","18","0"
"hold","hurricane-florence","hurricane-florence_00000487","D:\JupyterProject\storage\tiles\geotiffs\hold\images\hurricane-florence_00000487_pre_disaster.tif","D:\JupyterProject\storage\tiles\geotiffs\hold\images\hurricane-florence_00000487_post_disaster.tif","D:\JupyterProject\storage\tiles\geotiffs\hold\labels\hurricane-florence_00000487_pre_disaster.json","D:\JupyterProject\storage\tiles\geotiffs\hold\labels\hurricane-florence_00000487_post_disaster.json","major-damage","1","2","0"
"hold","hurricane-florence","hurricane-florence_00000489","D:\JupyterProject\storage\tiles\geotiffs\hold\images\hurricane-florence_00000489_pre_disaster.tif","D:\JupyterProject\storage\tiles\geotiffs\hold\images\hurricane-florence_00000489_post_disaster.tif","D:\JupyterProject\storage\tiles\geotiffs\hold\labels\hurricane-florence_00000489_pre_disaster.json","D:\JupyterProject\storage\tiles\geotiffs\hold\labels\hurricane-florence_00000489_post_disaster.json","minor-damage","0","2","0"
"hold","hurricane-florence","hurricane-florence_00000495","D:\JupyterProject\storage\tiles\geotiffs\hold\images\hurricane-florence_00000495_pre_disaster.tif","D:\JupyterProject\storage\tiles\geotiffs\hold\images\hurricane-florence_00000495_post_disaster.tif","D:\JupyterProject\storage\tiles\geotiffs\hold\labels\hurricane-florence_00000495_pre_disaster.json","D:\JupyterProject\storage\tiles\geotiffs\hold\labels\hurricane-florence_00000495_post_disaster.json","major-damage","1","3","0"
"hold","hurricane-florence","hurricane-florence_00000499","D:\JupyterProject\storage\tiles\geotiffs\hold\images\hurricane-florence_00000499_pre_disaster.tif","D:\JupyterProject\storage\tiles\geotiffs\hold\images\hurricane-florence_00000499_post_disaster.tif","D:\JupyterProject\storage\tiles\geotiffs\hold\labels\hurricane-florence_00000499_pre_disaster.json","D:\JupyterProject\storage\tiles\geotiffs\hold\labels\hurricane-florence_00000499_post_disaster.json","major-damage","1","3","1"
"hold","hurricane-florence","hurricane-florence_00000502","D:\JupyterProject\storage\tiles\geotiffs\hold\images\hurricane-florence_00000502_pre_disaster.tif","D:\JupyterProject\storage\tiles\geotiffs\hold\images\hurricane-florence_00000502_post_disaster.tif","D:\JupyterProject\storage\tiles\geotiffs\hold\labels\hurricane-florence_00000502_pre_disaster.json","D:\JupyterProject\storage\tiles\geotiffs\hold\labels\hurricane-florence_00000502_post_disaster.json","destroyed","1","5","2"
"hold","hurricane-florence","hurricane-florence_00000505","D:\JupyterProject\storage\tiles\geotiffs\hold\images\hurricane-florence_00000505_pre_disaster.tif","D:\JupyterProject\storage\tiles\geotiffs\hold\images\hurricane-florence_00000505_post_disaster.tif","D:\JupyterProject\storage\tiles\geotiffs\hold\labels\hurricane-florence_00000505_pre_disaster.json","D:\JupyterProject\storage\tiles\geotiffs\hold\labels\hurricane-florence_00000505_post_disaster.json","major-damage","1","13","0"
"hold","hurricane-florence","hurricane-florence_00000511","D:\JupyterProject\storage\tiles\geotiffs\hold\images\hurricane-florence_00000511_pre_disaster.tif","D:\JupyterProject\storage\tiles\geotiffs\hold\images\hurricane-florence_00000511_post_disaster.tif","D:\JupyterProject\storage\tiles\geotiffs\hold\labels\hurricane-florence_00000511_pre_disaster.json","D:\JupyterProject\storage\tiles\geotiffs\hold\labels\hurricane-florence_00000511_post_disaster.json","no-damage","0","5","0"
"hold","hurricane-florence","hurricane-florence_00000518","D:\JupyterProject\storage\tiles\geotiffs\hold\images\hurricane-florence_00000518_pre_disaster.tif","D:\JupyterProject\storage\tiles\geotiffs\hold\images\hurricane-florence_00000518_post_disaster.tif","D:\JupyterProject\storage\tiles\geotiffs\hold\labels\hurricane-florence_00000518_pre_disaster.json","D:\JupyterProject\storage\tiles\geotiffs\hold\labels\hurricane-florence_00000518_post_disaster.json","major-damage","1","1","1"
"hold","hurricane-florence","hurricane-florence_00000520","D:\JupyterProject\storage\tiles\geotiffs\hold\images\hurricane-florence_00000520_pre_disaster.tif","D:\JupyterProject\storage\tiles\geotiffs\hold\images\hurricane-florence_00000520_post_disaster.tif","D:\JupyterProject\storage\tiles\geotiffs\hold\labels\hurricane-florence_00000520_pre_disaster.json","D:\JupyterProject\storage\tiles\geotiffs\hold\labels\hurricane-florence_00000520_post_disaster.json","minor-damage","0","16","0"
"hold","hurricane-florence","hurricane-florence_00000521","D:\JupyterProject\storage\tiles\geotiffs\hold\images\hurricane-florence_00000521_pre_disaster.tif","D:\JupyterProject\storage\tiles\geotiffs\hold\images\hurricane-florence_00000521_post_disaster.tif","D:\JupyterProject\storage\tiles\geotiffs\hold\labels\hurricane-florence_00000521_pre_disaster.json","D:\JupyterProject\storage\tiles\geotiffs\hold\labels\hurricane-florence_00000521_post_disaster.json","major-damage","1","1","0"
"hold","hurricane-florence","hurricane-florence_00000524","D:\JupyterProject\storage\tiles\geotiffs\hold\images\hurricane-florence_00000524_pre_disaster.tif","D:\JupyterProject\storage\tiles\geotiffs\hold\images\hurricane-florence_00000524_post_disaster.tif","D:\JupyterProject\storage\tiles\geotiffs\hold\labels\hurricane-florence_00000524_pre_disaster.json","D:\JupyterProject\storage\tiles\geotiffs\hold\labels\hurricane-florence_00000524_post_disaster.json","destroyed","1","41","2"
"hold","hurricane-florence","hurricane-florence_00000532","D:\JupyterProject\storage\tiles\geotiffs\hold\images\hurricane-florence_00000532_pre_disaster.tif","D:\JupyterProject\storage\tiles\geotiffs\hold\images\hurricane-florence_00000532_post_disaster.tif","D:\JupyterProject\storage\tiles\geotiffs\hold\labels\hurricane-florence_00000532_pre_disaster.json","D:\JupyterProject\storage\tiles\geotiffs\hold\labels\hurricane-florence_00000532_post_disaster.json","no-damage","0","23","3"
"hold","hurricane-florence","hurricane-florence_00000534","D:\JupyterProject\storage\tiles\geotiffs\hold\images\hurricane-florence_00000534_pre_disaster.tif","D:\JupyterProject\storage\tiles\geotiffs\hold\images\hurricane-florence_00000534_post_disaster.tif","D:\JupyterProject\storage\tiles\geotiffs\hold\labels\hurricane-florence_00000534_pre_disaster.json","D:\JupyterProject\storage\tiles\geotiffs\hold\labels\hurricane-florence_00000534_post_disaster.json","major-damage","1","18","2"
"hold","hurricane-florence","hurricane-florence_00000539","D:\JupyterProject\storage\tiles\geotiffs\hold\images\hurricane-florence_00000539_pre_disaster.tif","D:\JupyterProject\storage\tiles\geotiffs\hold\images\hurricane-florence_00000539_post_disaster.tif","D:\JupyterProject\storage\tiles\geotiffs\hold\labels\hurricane-florence_00000539_pre_disaster.json","D:\JupyterProject\storage\tiles\geotiffs\hold\labels\hurricane-florence_00000539_post_disaster.json","no-damage","0","8","0"
"hold","hurricane-harvey","hurricane-harvey_00000004","D:\JupyterProject\storage\tiles\geotiffs\hold\images\hurricane-harvey_00000004_pre_disaster.tif","D:\JupyterProject\storage\tiles\geotiffs\hold\images\hurricane-harvey_00000004_post_disaster.tif","D:\JupyterProject\storage\tiles\geotiffs\hold\labels\hurricane-harvey_00000004_pre_disaster.json","D:\JupyterProject\storage\tiles\geotiffs\hold\labels\hurricane-harvey_00000004_post_disaster.json","minor-damage","0","155","0"
"hold","hurricane-harvey","hurricane-harvey_00000005","D:\JupyterProject\storage\tiles\geotiffs\hold\images\hurricane-harvey_00000005_pre_disaster.tif","D:\JupyterProject\storage\tiles\geotiffs\hold\images\hurricane-harvey_00000005_post_disaster.tif","D:\JupyterProject\storage\tiles\geotiffs\hold\labels\hurricane-harvey_00000005_pre_disaster.json","D:\JupyterProject\storage\tiles\geotiffs\hold\labels\hurricane-harvey_00000005_post_disaster.json","major-damage","1","110","0"
"hold","hurricane-harvey","hurricane-harvey_00000013","D:\JupyterProject\storage\tiles\geotiffs\hold\images\hurricane-harvey_00000013_pre_disaster.tif","D:\JupyterProject\storage\tiles\geotiffs\hold\images\hurricane-harvey_00000013_post_disaster.tif","D:\JupyterProject\storage\tiles\geotiffs\hold\labels\hurricane-harvey_00000013_pre_disaster.json","D:\JupyterProject\storage\tiles\geotiffs\hold\labels\hurricane-harvey_00000013_post_disaster.json","no-damage","0","46","0"
"hold","hurricane-harvey","hurricane-harvey_00000014","D:\JupyterProject\storage\tiles\geotiffs\hold\images\hurricane-harvey_00000014_pre_disaster.tif","D:\JupyterProject\storage\tiles\geotiffs\hold\images\hurricane-harvey_00000014_post_disaster.tif","D:\JupyterProject\storage\tiles\geotiffs\hold\labels\hurricane-harvey_00000014_pre_disaster.json","D:\JupyterProject\storage\tiles\geotiffs\hold\labels\hurricane-harvey_00000014_post_disaster.json","minor-damage","0","26","0"
"hold","hurricane-harvey","hurricane-harvey_00000021","D:\JupyterProject\storage\tiles\geotiffs\hold\images\hurricane-harvey_00000021_pre_disaster.tif","D:\JupyterProject\storage\tiles\geotiffs\hold\images\hurricane-harvey_00000021_post_disaster.tif","D:\JupyterProject\storage\tiles\geotiffs\hold\labels\hurricane-harvey_00000021_pre_disaster.json","D:\JupyterProject\storage\tiles\geotiffs\hold\labels\hurricane-harvey_00000021_post_disaster.json","minor-damage","0","47","0"
"hold","hurricane-harvey","hurricane-harvey_00000027","D:\JupyterProject\storage\tiles\geotiffs\hold\images\hurricane-harvey_00000027_pre_disaster.tif","D:\JupyterProject\storage\tiles\geotiffs\hold\images\hurricane-harvey_00000027_post_disaster.tif","D:\JupyterProject\storage\tiles\geotiffs\hold\labels\hurricane-harvey_00000027_pre_disaster.json","D:\JupyterProject\storage\tiles\geotiffs\hold\labels\hurricane-harvey_00000027_post_disaster.json","minor-damage","0","46","0"
"hold","hurricane-harvey","hurricane-harvey_00000031","D:\JupyterProject\storage\tiles\geotiffs\hold\images\hurricane-harvey_00000031_pre_disaster.tif","D:\JupyterProject\storage\tiles\geotiffs\hold\images\hurricane-harvey_00000031_post_disaster.tif","D:\JupyterProject\storage\tiles\geotiffs\hold\labels\hurricane-harvey_00000031_pre_disaster.json","D:\JupyterProject\storage\tiles\geotiffs\hold\labels\hurricane-harvey_00000031_post_disaster.json","destroyed","1","13","0"
"hold","hurricane-harvey","hurricane-harvey_00000032","D:\JupyterProject\storage\tiles\geotiffs\hold\images\hurricane-harvey_00000032_pre_disaster.tif","D:\JupyterProject\storage\tiles\geotiffs\hold\images\hurricane-harvey_00000032_post_disaster.tif","D:\JupyterProject\storage\tiles\geotiffs\hold\labels\hurricane-harvey_00000032_pre_disaster.json","D:\JupyterProject\storage\tiles\geotiffs\hold\labels\hurricane-harvey_00000032_post_disaster.json","no-damage","0","14","0"
"hold","hurricane-harvey","hurricane-harvey_00000034","D:\JupyterProject\storage\tiles\geotiffs\hold\images\hurricane-harvey_00000034_pre_disaster.tif","D:\JupyterProject\storage\tiles\geotiffs\hold\images\hurricane-harvey_00000034_post_disaster.tif","D:\JupyterProject\storage\tiles\geotiffs\hold\labels\hurricane-harvey_00000034_pre_disaster.json","D:\JupyterProject\storage\tiles\geotiffs\hold\labels\hurricane-harvey_00000034_post_disaster.json","major-damage","1","4","0"
"hold","hurricane-harvey","hurricane-harvey_00000038","D:\JupyterProject\storage\tiles\geotiffs\hold\images\hurricane-harvey_00000038_pre_disaster.tif","D:\JupyterProject\storage\tiles\geotiffs\hold\images\hurricane-harvey_00000038_post_disaster.tif","D:\JupyterProject\storage\tiles\geotiffs\hold\labels\hurricane-harvey_00000038_pre_disaster.json","D:\JupyterProject\storage\tiles\geotiffs\hold\labels\hurricane-harvey_00000038_post_disaster.json","major-damage","1","9","3"
"hold","hurricane-harvey","hurricane-harvey_00000050","D:\JupyterProject\storage\tiles\geotiffs\hold\images\hurricane-harvey_00000050_pre_disaster.tif","D:\JupyterProject\storage\tiles\geotiffs\hold\images\hurricane-harvey_00000050_post_disaster.tif","D:\JupyterProject\storage\tiles\geotiffs\hold\labels\hurricane-harvey_00000050_pre_disaster.json","D:\JupyterProject\storage\tiles\geotiffs\hold\labels\hurricane-harvey_00000050_post_disaster.json","destroyed","1","3","0"
"hold","hurricane-harvey","hurricane-harvey_00000065","D:\JupyterProject\storage\tiles\geotiffs\hold\images\hurricane-harvey_00000065_pre_disaster.tif","D:\JupyterProject\storage\tiles\geotiffs\hold\images\hurricane-harvey_00000065_post_disaster.tif","D:\JupyterProject\storage\tiles\geotiffs\hold\labels\hurricane-harvey_00000065_pre_disaster.json","D:\JupyterProject\storage\tiles\geotiffs\hold\labels\hurricane-harvey_00000065_post_disaster.json","destroyed","1","4","0"
"hold","hurricane-harvey","hurricane-harvey_00000067","D:\JupyterProject\storage\tiles\geotiffs\hold\images\hurricane-harvey_00000067_pre_disaster.tif","D:\JupyterProject\storage\tiles\geotiffs\hold\images\hurricane-harvey_00000067_post_disaster.tif","D:\JupyterProject\storage\tiles\geotiffs\hold\labels\hurricane-harvey_00000067_pre_disaster.json","D:\JupyterProject\storage\tiles\geotiffs\hold\labels\hurricane-harvey_00000067_post_disaster.json","major-damage","1","3","0"
"hold","hurricane-harvey","hurricane-harvey_00000074","D:\JupyterProject\storage\tiles\geotiffs\hold\images\hurricane-harvey_00000074_pre_disaster.tif","D:\JupyterProject\storage\tiles\geotiffs\hold\images\hurricane-harvey_00000074_post_disaster.tif","D:\JupyterProject\storage\tiles\geotiffs\hold\labels\hurricane-harvey_00000074_pre_disaster.json","D:\JupyterProject\storage\tiles\geotiffs\hold\labels\hurricane-harvey_00000074_post_disaster.json","minor-damage","0","10","0"
"hold","hurricane-harvey","hurricane-harvey_00000083","D:\JupyterProject\storage\tiles\geotiffs\hold\images\hurricane-harvey_00000083_pre_disaster.tif","D:\JupyterProject\storage\tiles\geotiffs\hold\images\hurricane-harvey_00000083_post_disaster.tif","D:\JupyterProject\storage\tiles\geotiffs\hold\labels\hurricane-harvey_00000083_pre_disaster.json","D:\JupyterProject\storage\tiles\geotiffs\hold\labels\hurricane-harvey_00000083_post_disaster.json","minor-damage","0","13","0"
"hold","hurricane-harvey","hurricane-harvey_00000086","D:\JupyterProject\storage\tiles\geotiffs\hold\images\hurricane-harvey_00000086_pre_disaster.tif","D:\JupyterProject\storage\tiles\geotiffs\hold\images\hurricane-harvey_00000086_post_disaster.tif","D:\JupyterProject\storage\tiles\geotiffs\hold\labels\hurricane-harvey_00000086_pre_disaster.json","D:\JupyterProject\storage\tiles\geotiffs\hold\labels\hurricane-harvey_00000086_post_disaster.json","minor-damage","0","15","3"
"hold","hurricane-harvey","hurricane-harvey_00000087","D:\JupyterProject\storage\tiles\geotiffs\hold\images\hurricane-harvey_00000087_pre_disaster.tif","D:\JupyterProject\storage\tiles\geotiffs\hold\images\hurricane-harvey_00000087_post_disaster.tif","D:\JupyterProject\storage\tiles\geotiffs\hold\labels\hurricane-harvey_00000087_pre_disaster.json","D:\JupyterProject\storage\tiles\geotiffs\hold\labels\hurricane-harvey_00000087_post_disaster.json","minor-damage","0","31","0"
"hold","hurricane-harvey","hurricane-harvey_00000095","D:\JupyterProject\storage\tiles\geotiffs\hold\images\hurricane-harvey_00000095_pre_disaster.tif","D:\JupyterProject\storage\tiles\geotiffs\hold\images\hurricane-harvey_00000095_post_disaster.tif","D:\JupyterProject\storage\tiles\geotiffs\hold\labels\hurricane-harvey_00000095_pre_disaster.json","D:\JupyterProject\storage\tiles\geotiffs\hold\labels\hurricane-harvey_00000095_post_disaster.json","no-damage","0","87","0"
"hold","hurricane-harvey","hurricane-harvey_00000102","D:\JupyterProject\storage\tiles\geotiffs\hold\images\hurricane-harvey_00000102_pre_disaster.tif","D:\JupyterProject\storage\tiles\geotiffs\hold\images\hurricane-harvey_00000102_post_disaster.tif","D:\JupyterProject\storage\tiles\geotiffs\hold\labels\hurricane-harvey_00000102_pre_disaster.json","D:\JupyterProject\storage\tiles\geotiffs\hold\labels\hurricane-harvey_00000102_post_disaster.json","destroyed","1","102","0"
"hold","hurricane-harvey","hurricane-harvey_00000106","D:\JupyterProject\storage\tiles\geotiffs\hold\images\hurricane-harvey_00000106_pre_disaster.tif","D:\JupyterProject\storage\tiles\geotiffs\hold\images\hurricane-harvey_00000106_post_disaster.tif","D:\JupyterProject\storage\tiles\geotiffs\hold\labels\hurricane-harvey_00000106_pre_disaster.json","D:\JupyterProject\storage\tiles\geotiffs\hold\labels\hurricane-harvey_00000106_post_disaster.json","major-damage","1","4","0"
"hold","hurricane-harvey","hurricane-harvey_00000110","D:\JupyterProject\storage\tiles\geotiffs\hold\images\hurricane-harvey_00000110_pre_disaster.tif","D:\JupyterProject\storage\tiles\geotiffs\hold\images\hurricane-harvey_00000110_post_disaster.tif","D:\JupyterProject\storage\tiles\geotiffs\hold\labels\hurricane-harvey_00000110_pre_disaster.json","D:\JupyterProject\storage\tiles\geotiffs\hold\labels\hurricane-harvey_00000110_post_disaster.json","major-damage","1","6","0"
"hold","hurricane-harvey","hurricane-harvey_00000117","D:\JupyterProject\storage\tiles\geotiffs\hold\images\hurricane-harvey_00000117_pre_disaster.tif","D:\JupyterProject\storage\tiles\geotiffs\hold\images\hurricane-harvey_00000117_post_disaster.tif","D:\JupyterProject\storage\tiles\geotiffs\hold\labels\hurricane-harvey_00000117_pre_disaster.json","D:\JupyterProject\storage\tiles\geotiffs\hold\labels\hurricane-harvey_00000117_post_disaster.json","destroyed","1","233","1"
"hold","hurricane-harvey","hurricane-harvey_00000121","D:\JupyterProject\storage\tiles\geotiffs\hold\images\hurricane-harvey_00000121_pre_disaster.tif","D:\JupyterProject\storage\tiles\geotiffs\hold\images\hurricane-harvey_00000121_post_disaster.tif","D:\JupyterProject\storage\tiles\geotiffs\hold\labels\hurricane-harvey_00000121_pre_disaster.json","D:\JupyterProject\storage\tiles\geotiffs\hold\labels\hurricane-harvey_00000121_post_disaster.json","major-damage","1","39","0"
"hold","hurricane-harvey","hurricane-harvey_00000124","D:\JupyterProject\storage\tiles\geotiffs\hold\images\hurricane-harvey_00000124_pre_disaster.tif","D:\JupyterProject\storage\tiles\geotiffs\hold\images\hurricane-harvey_00000124_post_disaster.tif","D:\JupyterProject\storage\tiles\geotiffs\hold\labels\hurricane-harvey_00000124_pre_disaster.json","D:\JupyterProject\storage\tiles\geotiffs\hold\labels\hurricane-harvey_00000124_post_disaster.json","destroyed","1","16","0"
"hold","hurricane-harvey","hurricane-harvey_00000125","D:\JupyterProject\storage\tiles\geotiffs\hold\images\hurricane-harvey_00000125_pre_disaster.tif","D:\JupyterProject\storage\tiles\geotiffs\hold\images\hurricane-harvey_00000125_post_disaster.tif","D:\JupyterProject\storage\tiles\geotiffs\hold\labels\hurricane-harvey_00000125_pre_disaster.json","D:\JupyterProject\storage\tiles\geotiffs\hold\labels\hurricane-harvey_00000125_post_disaster.json","destroyed","1","143","0"
"hold","hurricane-harvey","hurricane-harvey_00000140","D:\JupyterProject\storage\tiles\geotiffs\hold\images\hurricane-harvey_00000140_pre_disaster.tif","D:\JupyterProject\storage\tiles\geotiffs\hold\images\hurricane-harvey_00000140_post_disaster.tif","D:\JupyterProject\storage\tiles\geotiffs\hold\labels\hurricane-harvey_00000140_pre_disaster.json","D:\JupyterProject\storage\tiles\geotiffs\hold\labels\hurricane-harvey_00000140_post_disaster.json","major-damage","1","32","0"
"hold","hurricane-harvey","hurricane-harvey_00000148","D:\JupyterProject\storage\tiles\geotiffs\hold\images\hurricane-harvey_00000148_pre_disaster.tif","D:\JupyterProject\storage\tiles\geotiffs\hold\images\hurricane-harvey_00000148_post_disaster.tif","D:\JupyterProject\storage\tiles\geotiffs\hold\labels\hurricane-harvey_00000148_pre_disaster.json","D:\JupyterProject\storage\tiles\geotiffs\hold\labels\hurricane-harvey_00000148_post_disaster.json","major-damage","1","61","0"
"hold","hurricane-harvey","hurricane-harvey_00000149","D:\JupyterProject\storage\tiles\geotiffs\hold\images\hurricane-harvey_00000149_pre_disaster.tif","D:\JupyterProject\storage\tiles\geotiffs\hold\images\hurricane-harvey_00000149_post_disaster.tif","D:\JupyterProject\storage\tiles\geotiffs\hold\labels\hurricane-harvey_00000149_pre_disaster.json","D:\JupyterProject\storage\tiles\geotiffs\hold\labels\hurricane-harvey_00000149_post_disaster.json","major-damage","1","332","0"
"hold","hurricane-harvey","hurricane-harvey_00000175","D:\JupyterProject\storage\tiles\geotiffs\hold\images\hurricane-harvey_00000175_pre_disaster.tif","D:\JupyterProject\storage\tiles\geotiffs\hold\images\hurricane-harvey_00000175_post_disaster.tif","D:\JupyterProject\storage\tiles\geotiffs\hold\labels\hurricane-harvey_00000175_pre_disaster.json","D:\JupyterProject\storage\tiles\geotiffs\hold\labels\hurricane-harvey_00000175_post_disaster.json","no-damage","0","115","0"
"hold","hurricane-harvey","hurricane-harvey_00000181","D:\JupyterProject\storage\tiles\geotiffs\hold\images\hurricane-harvey_00000181_pre_disaster.tif","D:\JupyterProject\storage\tiles\geotiffs\hold\images\hurricane-harvey_00000181_post_disaster.tif","D:\JupyterProject\storage\tiles\geotiffs\hold\labels\hurricane-harvey_00000181_pre_disaster.json","D:\JupyterProject\storage\tiles\geotiffs\hold\labels\hurricane-harvey_00000181_post_disaster.json","destroyed","1","223","0"
"hold","hurricane-harvey","hurricane-harvey_00000183","D:\JupyterProject\storage\tiles\geotiffs\hold\images\hurricane-harvey_00000183_pre_disaster.tif","D:\JupyterProject\storage\tiles\geotiffs\hold\images\hurricane-harvey_00000183_post_disaster.tif","D:\JupyterProject\storage\tiles\geotiffs\hold\labels\hurricane-harvey_00000183_pre_disaster.json","D:\JupyterProject\storage\tiles\geotiffs\hold\labels\hurricane-harvey_00000183_post_disaster.json","no-damage","0","261","0"
"hold","hurricane-harvey","hurricane-harvey_00000184","D:\JupyterProject\storage\tiles\geotiffs\hold\images\hurricane-harvey_00000184_pre_disaster.tif","D:\JupyterProject\storage\tiles\geotiffs\hold\images\hurricane-harvey_00000184_post_disaster.tif","D:\JupyterProject\storage\tiles\geotiffs\hold\labels\hurricane-harvey_00000184_pre_disaster.json","D:\JupyterProject\storage\tiles\geotiffs\hold\labels\hurricane-harvey_00000184_post_disaster.json","major-damage","1","186","0"
"hold","hurricane-harvey","hurricane-harvey_00000188","D:\JupyterProject\storage\tiles\geotiffs\hold\images\hurricane-harvey_00000188_pre_disaster.tif","D:\JupyterProject\storage\tiles\geotiffs\hold\images\hurricane-harvey_00000188_post_disaster.tif","D:\JupyterProject\storage\tiles\geotiffs\hold\labels\hurricane-harvey_00000188_pre_disaster.json","D:\JupyterProject\storage\tiles\geotiffs\hold\labels\hurricane-harvey_00000188_post_disaster.json","minor-damage","0","37","0"
"hold","hurricane-harvey","hurricane-harvey_00000190","D:\JupyterProject\storage\tiles\geotiffs\hold\images\hurricane-harvey_00000190_pre_disaster.tif","D:\JupyterProject\storage\tiles\geotiffs\hold\images\hurricane-harvey_00000190_post_disaster.tif","D:\JupyterProject\storage\tiles\geotiffs\hold\labels\hurricane-harvey_00000190_pre_disaster.json","D:\JupyterProject\storage\tiles\geotiffs\hold\labels\hurricane-harvey_00000190_post_disaster.json","major-damage","1","27","1"
"hold","hurricane-harvey","hurricane-harvey_00000193","D:\JupyterProject\storage\tiles\geotiffs\hold\images\hurricane-harvey_00000193_pre_disaster.tif","D:\JupyterProject\storage\tiles\geotiffs\hold\images\hurricane-harvey_00000193_post_disaster.tif","D:\JupyterProject\storage\tiles\geotiffs\hold\labels\hurricane-harvey_00000193_pre_disaster.json","D:\JupyterProject\storage\tiles\geotiffs\hold\labels\hurricane-harvey_00000193_post_disaster.json","no-damage","0","218","0"
"hold","hurricane-harvey","hurricane-harvey_00000198","D:\JupyterProject\storage\tiles\geotiffs\hold\images\hurricane-harvey_00000198_pre_disaster.tif","D:\JupyterProject\storage\tiles\geotiffs\hold\images\hurricane-harvey_00000198_post_disaster.tif","D:\JupyterProject\storage\tiles\geotiffs\hold\labels\hurricane-harvey_00000198_pre_disaster.json","D:\JupyterProject\storage\tiles\geotiffs\hold\labels\hurricane-harvey_00000198_post_disaster.json","destroyed","1","210","0"
"hold","hurricane-harvey","hurricane-harvey_00000199","D:\JupyterProject\storage\tiles\geotiffs\hold\images\hurricane-harvey_00000199_pre_disaster.tif","D:\JupyterProject\storage\tiles\geotiffs\hold\images\hurricane-harvey_00000199_post_disaster.tif","D:\JupyterProject\storage\tiles\geotiffs\hold\labels\hurricane-harvey_00000199_pre_disaster.json","D:\JupyterProject\storage\tiles\geotiffs\hold\labels\hurricane-harvey_00000199_post_disaster.json","major-damage","1","26","1"
"hold","hurricane-harvey","hurricane-harvey_00000201","D:\JupyterProject\storage\tiles\geotiffs\hold\images\hurricane-harvey_00000201_pre_disaster.tif","D:\JupyterProject\storage\tiles\geotiffs\hold\images\hurricane-harvey_00000201_post_disaster.tif","D:\JupyterProject\storage\tiles\geotiffs\hold\labels\hurricane-harvey_00000201_pre_disaster.json","D:\JupyterProject\storage\tiles\geotiffs\hold\labels\hurricane-harvey_00000201_post_disaster.json","minor-damage","0","153","0"
"hold","hurricane-harvey","hurricane-harvey_00000209","D:\JupyterProject\storage\tiles\geotiffs\hold\images\hurricane-harvey_00000209_pre_disaster.tif","D:\JupyterProject\storage\tiles\geotiffs\hold\images\hurricane-harvey_00000209_post_disaster.tif","D:\JupyterProject\storage\tiles\geotiffs\hold\labels\hurricane-harvey_00000209_pre_disaster.json","D:\JupyterProject\storage\tiles\geotiffs\hold\labels\hurricane-harvey_00000209_post_disaster.json","no-damage","0","80","1"
"hold","hurricane-harvey","hurricane-harvey_00000215","D:\JupyterProject\storage\tiles\geotiffs\hold\images\hurricane-harvey_00000215_pre_disaster.tif","D:\JupyterProject\storage\tiles\geotiffs\hold\images\hurricane-harvey_00000215_post_disaster.tif","D:\JupyterProject\storage\tiles\geotiffs\hold\labels\hurricane-harvey_00000215_pre_disaster.json","D:\JupyterProject\storage\tiles\geotiffs\hold\labels\hurricane-harvey_00000215_post_disaster.json","no-damage","0","105","0"
"hold","hurricane-harvey","hurricane-harvey_00000219","D:\JupyterProject\storage\tiles\geotiffs\hold\images\hurricane-harvey_00000219_pre_disaster.tif","D:\JupyterProject\storage\tiles\geotiffs\hold\images\hurricane-harvey_00000219_post_disaster.tif","D:\JupyterProject\storage\tiles\geotiffs\hold\labels\hurricane-harvey_00000219_pre_disaster.json","D:\JupyterProject\storage\tiles\geotiffs\hold\labels\hurricane-harvey_00000219_post_disaster.json","no-damage","0","0","0"
"hold","hurricane-harvey","hurricane-harvey_00000229","D:\JupyterProject\storage\tiles\geotiffs\hold\images\hurricane-harvey_00000229_pre_disaster.tif","D:\JupyterProject\storage\tiles\geotiffs\hold\images\hurricane-harvey_00000229_post_disaster.tif","D:\JupyterProject\storage\tiles\geotiffs\hold\labels\hurricane-harvey_00000229_pre_disaster.json","D:\JupyterProject\storage\tiles\geotiffs\hold\labels\hurricane-harvey_00000229_post_disaster.json","destroyed","1","19","1"
"hold","hurricane-harvey","hurricane-harvey_00000234","D:\JupyterProject\storage\tiles\geotiffs\hold\images\hurricane-harvey_00000234_pre_disaster.tif","D:\JupyterProject\storage\tiles\geotiffs\hold\images\hurricane-harvey_00000234_post_disaster.tif","D:\JupyterProject\storage\tiles\geotiffs\hold\labels\hurricane-harvey_00000234_pre_disaster.json","D:\JupyterProject\storage\tiles\geotiffs\hold\labels\hurricane-harvey_00000234_post_disaster.json","no-damage","0","8","3"
"hold","hurricane-harvey","hurricane-harvey_00000236","D:\JupyterProject\storage\tiles\geotiffs\hold\images\hurricane-harvey_00000236_pre_disaster.tif","D:\JupyterProject\storage\tiles\geotiffs\hold\images\hurricane-harvey_00000236_post_disaster.tif","D:\JupyterProject\storage\tiles\geotiffs\hold\labels\hurricane-harvey_00000236_pre_disaster.json","D:\JupyterProject\storage\tiles\geotiffs\hold\labels\hurricane-harvey_00000236_post_disaster.json","destroyed","1","71","22"
"hold","hurricane-harvey","hurricane-harvey_00000240","D:\JupyterProject\storage\tiles\geotiffs\hold\images\hurricane-harvey_00000240_pre_disaster.tif","D:\JupyterProject\storage\tiles\geotiffs\hold\images\hurricane-harvey_00000240_post_disaster.tif","D:\JupyterProject\storage\tiles\geotiffs\hold\labels\hurricane-harvey_00000240_pre_disaster.json","D:\JupyterProject\storage\tiles\geotiffs\hold\labels\hurricane-harvey_00000240_post_disaster.json","no-damage","0","164","0"
"hold","hurricane-harvey","hurricane-harvey_00000247","D:\JupyterProject\storage\tiles\geotiffs\hold\images\hurricane-harvey_00000247_pre_disaster.tif","D:\JupyterProject\storage\tiles\geotiffs\hold\images\hurricane-harvey_00000247_post_disaster.tif","D:\JupyterProject\storage\tiles\geotiffs\hold\labels\hurricane-harvey_00000247_pre_disaster.json","D:\JupyterProject\storage\tiles\geotiffs\hold\labels\hurricane-harvey_00000247_post_disaster.json","no-damage","0","103","0"
"hold","hurricane-harvey","hurricane-harvey_00000253","D:\JupyterProject\storage\tiles\geotiffs\hold\images\hurricane-harvey_00000253_pre_disaster.tif","D:\JupyterProject\storage\tiles\geotiffs\hold\images\hurricane-harvey_00000253_post_disaster.tif","D:\JupyterProject\storage\tiles\geotiffs\hold\labels\hurricane-harvey_00000253_pre_disaster.json","D:\JupyterProject\storage\tiles\geotiffs\hold\labels\hurricane-harvey_00000253_post_disaster.json","no-damage","0","107","0"
"hold","hurricane-harvey","hurricane-harvey_00000256","D:\JupyterProject\storage\tiles\geotiffs\hold\images\hurricane-harvey_00000256_pre_disaster.tif","D:\JupyterProject\storage\tiles\geotiffs\hold\images\hurricane-harvey_00000256_post_disaster.tif","D:\JupyterProject\storage\tiles\geotiffs\hold\labels\hurricane-harvey_00000256_pre_disaster.json","D:\JupyterProject\storage\tiles\geotiffs\hold\labels\hurricane-harvey_00000256_post_disaster.json","no-damage","0","60","8"
"hold","hurricane-harvey","hurricane-harvey_00000263","D:\JupyterProject\storage\tiles\geotiffs\hold\images\hurricane-harvey_00000263_pre_disaster.tif","D:\JupyterProject\storage\tiles\geotiffs\hold\images\hurricane-harvey_00000263_post_disaster.tif","D:\JupyterProject\storage\tiles\geotiffs\hold\labels\hurricane-harvey_00000263_pre_disaster.json","D:\JupyterProject\storage\tiles\geotiffs\hold\labels\hurricane-harvey_00000263_post_disaster.json","major-damage","1","1","0"
"hold","hurricane-harvey","hurricane-harvey_00000279","D:\JupyterProject\storage\tiles\geotiffs\hold\images\hurricane-harvey_00000279_pre_disaster.tif","D:\JupyterProject\storage\tiles\geotiffs\hold\images\hurricane-harvey_00000279_post_disaster.tif","D:\JupyterProject\storage\tiles\geotiffs\hold\labels\hurricane-harvey_00000279_pre_disaster.json","D:\JupyterProject\storage\tiles\geotiffs\hold\labels\hurricane-harvey_00000279_post_disaster.json","destroyed","1","10","1"
"hold","hurricane-harvey","hurricane-harvey_00000282","D:\JupyterProject\storage\tiles\geotiffs\hold\images\hurricane-harvey_00000282_pre_disaster.tif","D:\JupyterProject\storage\tiles\geotiffs\hold\images\hurricane-harvey_00000282_post_disaster.tif","D:\JupyterProject\storage\tiles\geotiffs\hold\labels\hurricane-harvey_00000282_pre_disaster.json","D:\JupyterProject\storage\tiles\geotiffs\hold\labels\hurricane-harvey_00000282_post_disaster.json","major-damage","1","51","45"
"hold","hurricane-harvey","hurricane-harvey_00000290","D:\JupyterProject\storage\tiles\geotiffs\hold\images\hurricane-harvey_00000290_pre_disaster.tif","D:\JupyterProject\storage\tiles\geotiffs\hold\images\hurricane-harvey_00000290_post_disaster.tif","D:\JupyterProject\storage\tiles\geotiffs\hold\labels\hurricane-harvey_00000290_pre_disaster.json","D:\JupyterProject\storage\tiles\geotiffs\hold\labels\hurricane-harvey_00000290_post_disaster.json","major-damage","1","6","0"
"hold","hurricane-harvey","hurricane-harvey_00000293","D:\JupyterProject\storage\tiles\geotiffs\hold\images\hurricane-harvey_00000293_pre_disaster.tif","D:\JupyterProject\storage\tiles\geotiffs\hold\images\hurricane-harvey_00000293_post_disaster.tif","D:\JupyterProject\storage\tiles\geotiffs\hold\labels\hurricane-harvey_00000293_pre_disaster.json","D:\JupyterProject\storage\tiles\geotiffs\hold\labels\hurricane-harvey_00000293_post_disaster.json","destroyed","1","64","10"
"hold","hurricane-harvey","hurricane-harvey_00000295","D:\JupyterProject\storage\tiles\geotiffs\hold\images\hurricane-harvey_00000295_pre_disaster.tif","D:\JupyterProject\storage\tiles\geotiffs\hold\images\hurricane-harvey_00000295_post_disaster.tif","D:\JupyterProject\storage\tiles\geotiffs\hold\labels\hurricane-harvey_00000295_pre_disaster.json","D:\JupyterProject\storage\tiles\geotiffs\hold\labels\hurricane-harvey_00000295_post_disaster.json","destroyed","1","15","0"
"hold","hurricane-harvey","hurricane-harvey_00000296","D:\JupyterProject\storage\tiles\geotiffs\hold\images\hurricane-harvey_00000296_pre_disaster.tif","D:\JupyterProject\storage\tiles\geotiffs\hold\images\hurricane-harvey_00000296_post_disaster.tif","D:\JupyterProject\storage\tiles\geotiffs\hold\labels\hurricane-harvey_00000296_pre_disaster.json","D:\JupyterProject\storage\tiles\geotiffs\hold\labels\hurricane-harvey_00000296_post_disaster.json","major-damage","1","8","1"
"hold","hurricane-harvey","hurricane-harvey_00000306","D:\JupyterProject\storage\tiles\geotiffs\hold\images\hurricane-harvey_00000306_pre_disaster.tif","D:\JupyterProject\storage\tiles\geotiffs\hold\images\hurricane-harvey_00000306_post_disaster.tif","D:\JupyterProject\storage\tiles\geotiffs\hold\labels\hurricane-harvey_00000306_pre_disaster.json","D:\JupyterProject\storage\tiles\geotiffs\hold\labels\hurricane-harvey_00000306_post_disaster.json","major-damage","1","11","0"
"hold","hurricane-harvey","hurricane-harvey_00000311","D:\JupyterProject\storage\tiles\geotiffs\hold\images\hurricane-harvey_00000311_pre_disaster.tif","D:\JupyterProject\storage\tiles\geotiffs\hold\images\hurricane-harvey_00000311_post_disaster.tif","D:\JupyterProject\storage\tiles\geotiffs\hold\labels\hurricane-harvey_00000311_pre_disaster.json","D:\JupyterProject\storage\tiles\geotiffs\hold\labels\hurricane-harvey_00000311_post_disaster.json","major-damage","1","6","0"
"hold","hurricane-harvey","hurricane-harvey_00000321","D:\JupyterProject\storage\tiles\geotiffs\hold\images\hurricane-harvey_00000321_pre_disaster.tif","D:\JupyterProject\storage\tiles\geotiffs\hold\images\hurricane-harvey_00000321_post_disaster.tif","D:\JupyterProject\storage\tiles\geotiffs\hold\labels\hurricane-harvey_00000321_pre_disaster.json","D:\JupyterProject\storage\tiles\geotiffs\hold\labels\hurricane-harvey_00000321_post_disaster.json","destroyed","1","7","1"
"hold","hurricane-harvey","hurricane-harvey_00000322","D:\JupyterProject\storage\tiles\geotiffs\hold\images\hurricane-harvey_00000322_pre_disaster.tif","D:\JupyterProject\storage\tiles\geotiffs\hold\images\hurricane-harvey_00000322_post_disaster.tif","D:\JupyterProject\storage\tiles\geotiffs\hold\labels\hurricane-harvey_00000322_pre_disaster.json","D:\JupyterProject\storage\tiles\geotiffs\hold\labels\hurricane-harvey_00000322_post_disaster.json","no-damage","0","0","0"
"hold","hurricane-harvey","hurricane-harvey_00000334","D:\JupyterProject\storage\tiles\geotiffs\hold\images\hurricane-harvey_00000334_pre_disaster.tif","D:\JupyterProject\storage\tiles\geotiffs\hold\images\hurricane-harvey_00000334_post_disaster.tif","D:\JupyterProject\storage\tiles\geotiffs\hold\labels\hurricane-harvey_00000334_pre_disaster.json","D:\JupyterProject\storage\tiles\geotiffs\hold\labels\hurricane-harvey_00000334_post_disaster.json","destroyed","1","21","0"
"hold","hurricane-harvey","hurricane-harvey_00000343","D:\JupyterProject\storage\tiles\geotiffs\hold\images\hurricane-harvey_00000343_pre_disaster.tif","D:\JupyterProject\storage\tiles\geotiffs\hold\images\hurricane-harvey_00000343_post_disaster.tif","D:\JupyterProject\storage\tiles\geotiffs\hold\labels\hurricane-harvey_00000343_pre_disaster.json","D:\JupyterProject\storage\tiles\geotiffs\hold\labels\hurricane-harvey_00000343_post_disaster.json","no-damage","0","45","1"
"hold","hurricane-harvey","hurricane-harvey_00000349","D:\JupyterProject\storage\tiles\geotiffs\hold\images\hurricane-harvey_00000349_pre_disaster.tif","D:\JupyterProject\storage\tiles\geotiffs\hold\images\hurricane-harvey_00000349_post_disaster.tif","D:\JupyterProject\storage\tiles\geotiffs\hold\labels\hurricane-harvey_00000349_pre_disaster.json","D:\JupyterProject\storage\tiles\geotiffs\hold\labels\hurricane-harvey_00000349_post_disaster.json","destroyed","1","108","5"
"hold","hurricane-harvey","hurricane-harvey_00000350","D:\JupyterProject\storage\tiles\geotiffs\hold\images\hurricane-harvey_00000350_pre_disaster.tif","D:\JupyterProject\storage\tiles\geotiffs\hold\images\hurricane-harvey_00000350_post_disaster.tif","D:\JupyterProject\storage\tiles\geotiffs\hold\labels\hurricane-harvey_00000350_pre_disaster.json","D:\JupyterProject\storage\tiles\geotiffs\hold\labels\hurricane-harvey_00000350_post_disaster.json","minor-damage","0","30","0"
"hold","hurricane-harvey","hurricane-harvey_00000352","D:\JupyterProject\storage\tiles\geotiffs\hold\images\hurricane-harvey_00000352_pre_disaster.tif","D:\JupyterProject\storage\tiles\geotiffs\hold\images\hurricane-harvey_00000352_post_disaster.tif","D:\JupyterProject\storage\tiles\geotiffs\hold\labels\hurricane-harvey_00000352_pre_disaster.json","D:\JupyterProject\storage\tiles\geotiffs\hold\labels\hurricane-harvey_00000352_post_disaster.json","no-damage","0","15","0"
"hold","hurricane-harvey","hurricane-harvey_00000359","D:\JupyterProject\storage\tiles\geotiffs\hold\images\hurricane-harvey_00000359_pre_disaster.tif","D:\JupyterProject\storage\tiles\geotiffs\hold\images\hurricane-harvey_00000359_post_disaster.tif","D:\JupyterProject\storage\tiles\geotiffs\hold\labels\hurricane-harvey_00000359_pre_disaster.json","D:\JupyterProject\storage\tiles\geotiffs\hold\labels\hurricane-harvey_00000359_post_disaster.json","no-damage","0","36","5"
"hold","hurricane-harvey","hurricane-harvey_00000362","D:\JupyterProject\storage\tiles\geotiffs\hold\images\hurricane-harvey_00000362_pre_disaster.tif","D:\JupyterProject\storage\tiles\geotiffs\hold\images\hurricane-harvey_00000362_post_disaster.tif","D:\JupyterProject\storage\tiles\geotiffs\hold\labels\hurricane-harvey_00000362_pre_disaster.json","D:\JupyterProject\storage\tiles\geotiffs\hold\labels\hurricane-harvey_00000362_post_disaster.json","destroyed","1","103","3"
"hold","hurricane-harvey","hurricane-harvey_00000363","D:\JupyterProject\storage\tiles\geotiffs\hold\images\hurricane-harvey_00000363_pre_disaster.tif","D:\JupyterProject\storage\tiles\geotiffs\hold\images\hurricane-harvey_00000363_post_disaster.tif","D:\JupyterProject\storage\tiles\geotiffs\hold\labels\hurricane-harvey_00000363_pre_disaster.json","D:\JupyterProject\storage\tiles\geotiffs\hold\labels\hurricane-harvey_00000363_post_disaster.json","no-damage","0","42","0"
"hold","hurricane-harvey","hurricane-harvey_00000371","D:\JupyterProject\storage\tiles\geotiffs\hold\images\hurricane-harvey_00000371_pre_disaster.tif","D:\JupyterProject\storage\tiles\geotiffs\hold\images\hurricane-harvey_00000371_post_disaster.tif","D:\JupyterProject\storage\tiles\geotiffs\hold\labels\hurricane-harvey_00000371_pre_disaster.json","D:\JupyterProject\storage\tiles\geotiffs\hold\labels\hurricane-harvey_00000371_post_disaster.json","no-damage","0","66","0"
"hold","hurricane-harvey","hurricane-harvey_00000372","D:\JupyterProject\storage\tiles\geotiffs\hold\images\hurricane-harvey_00000372_pre_disaster.tif","D:\JupyterProject\storage\tiles\geotiffs\hold\images\hurricane-harvey_00000372_post_disaster.tif","D:\JupyterProject\storage\tiles\geotiffs\hold\labels\hurricane-harvey_00000372_pre_disaster.json","D:\JupyterProject\storage\tiles\geotiffs\hold\labels\hurricane-harvey_00000372_post_disaster.json","destroyed","1","153","2"
"hold","hurricane-harvey","hurricane-harvey_00000376","D:\JupyterProject\storage\tiles\geotiffs\hold\images\hurricane-harvey_00000376_pre_disaster.tif","D:\JupyterProject\storage\tiles\geotiffs\hold\images\hurricane-harvey_00000376_post_disaster.tif","D:\JupyterProject\storage\tiles\geotiffs\hold\labels\hurricane-harvey_00000376_pre_disaster.json","D:\JupyterProject\storage\tiles\geotiffs\hold\labels\hurricane-harvey_00000376_post_disaster.json","destroyed","1","131","6"
"hold","hurricane-harvey","hurricane-harvey_00000383","D:\JupyterProject\storage\tiles\geotiffs\hold\images\hurricane-harvey_00000383_pre_disaster.tif","D:\JupyterProject\storage\tiles\geotiffs\hold\images\hurricane-harvey_00000383_post_disaster.tif","D:\JupyterProject\storage\tiles\geotiffs\hold\labels\hurricane-harvey_00000383_pre_disaster.json","D:\JupyterProject\storage\tiles\geotiffs\hold\labels\hurricane-harvey_00000383_post_disaster.json","destroyed","1","23","0"
"hold","hurricane-harvey","hurricane-harvey_00000385","D:\JupyterProject\storage\tiles\geotiffs\hold\images\hurricane-harvey_00000385_pre_disaster.tif","D:\JupyterProject\storage\tiles\geotiffs\hold\images\hurricane-harvey_00000385_post_disaster.tif","D:\JupyterProject\storage\tiles\geotiffs\hold\labels\hurricane-harvey_00000385_pre_disaster.json","D:\JupyterProject\storage\tiles\geotiffs\hold\labels\hurricane-harvey_00000385_post_disaster.json","destroyed","1","148","1"
"hold","hurricane-harvey","hurricane-harvey_00000386","D:\JupyterProject\storage\tiles\geotiffs\hold\images\hurricane-harvey_00000386_pre_disaster.tif","D:\JupyterProject\storage\tiles\geotiffs\hold\images\hurricane-harvey_00000386_post_disaster.tif","D:\JupyterProject\storage\tiles\geotiffs\hold\labels\hurricane-harvey_00000386_pre_disaster.json","D:\JupyterProject\storage\tiles\geotiffs\hold\labels\hurricane-harvey_00000386_post_disaster.json","minor-damage","0","87","0"
"hold","hurricane-harvey","hurricane-harvey_00000395","D:\JupyterProject\storage\tiles\geotiffs\hold\images\hurricane-harvey_00000395_pre_disaster.tif","D:\JupyterProject\storage\tiles\geotiffs\hold\images\hurricane-harvey_00000395_post_disaster.tif","D:\JupyterProject\storage\tiles\geotiffs\hold\labels\hurricane-harvey_00000395_pre_disaster.json","D:\JupyterProject\storage\tiles\geotiffs\hold\labels\hurricane-harvey_00000395_post_disaster.json","minor-damage","0","130","0"
"hold","hurricane-harvey","hurricane-harvey_00000399","D:\JupyterProject\storage\tiles\geotiffs\hold\images\hurricane-harvey_00000399_pre_disaster.tif","D:\JupyterProject\storage\tiles\geotiffs\hold\images\hurricane-harvey_00000399_post_disaster.tif","D:\JupyterProject\storage\tiles\geotiffs\hold\labels\hurricane-harvey_00000399_pre_disaster.json","D:\JupyterProject\storage\tiles\geotiffs\hold\labels\hurricane-harvey_00000399_post_disaster.json","destroyed","1","23","0"
"hold","hurricane-harvey","hurricane-harvey_00000401","D:\JupyterProject\storage\tiles\geotiffs\hold\images\hurricane-harvey_00000401_pre_disaster.tif","D:\JupyterProject\storage\tiles\geotiffs\hold\images\hurricane-harvey_00000401_post_disaster.tif","D:\JupyterProject\storage\tiles\geotiffs\hold\labels\hurricane-harvey_00000401_pre_disaster.json","D:\JupyterProject\storage\tiles\geotiffs\hold\labels\hurricane-harvey_00000401_post_disaster.json","destroyed","1","112","2"
"hold","hurricane-harvey","hurricane-harvey_00000403","D:\JupyterProject\storage\tiles\geotiffs\hold\images\hurricane-harvey_00000403_pre_disaster.tif","D:\JupyterProject\storage\tiles\geotiffs\hold\images\hurricane-harvey_00000403_post_disaster.tif","D:\JupyterProject\storage\tiles\geotiffs\hold\labels\hurricane-harvey_00000403_pre_disaster.json","D:\JupyterProject\storage\tiles\geotiffs\hold\labels\hurricane-harvey_00000403_post_disaster.json","destroyed","1","63","0"
"hold","hurricane-harvey","hurricane-harvey_00000404","D:\JupyterProject\storage\tiles\geotiffs\hold\images\hurricane-harvey_00000404_pre_disaster.tif","D:\JupyterProject\storage\tiles\geotiffs\hold\images\hurricane-harvey_00000404_post_disaster.tif","D:\JupyterProject\storage\tiles\geotiffs\hold\labels\hurricane-harvey_00000404_pre_disaster.json","D:\JupyterProject\storage\tiles\geotiffs\hold\labels\hurricane-harvey_00000404_post_disaster.json","major-damage","1","208","0"
"hold","hurricane-harvey","hurricane-harvey_00000405","D:\JupyterProject\storage\tiles\geotiffs\hold\images\hurricane-harvey_00000405_pre_disaster.tif","D:\JupyterProject\storage\tiles\geotiffs\hold\images\hurricane-harvey_00000405_post_disaster.tif","D:\JupyterProject\storage\tiles\geotiffs\hold\labels\hurricane-harvey_00000405_pre_disaster.json","D:\JupyterProject\storage\tiles\geotiffs\hold\labels\hurricane-harvey_00000405_post_disaster.json","no-damage","0","0","36"
"hold","hurricane-harvey","hurricane-harvey_00000409","D:\JupyterProject\storage\tiles\geotiffs\hold\images\hurricane-harvey_00000409_pre_disaster.tif","D:\JupyterProject\storage\tiles\geotiffs\hold\images\hurricane-harvey_00000409_post_disaster.tif","D:\JupyterProject\storage\tiles\geotiffs\hold\labels\hurricane-harvey_00000409_pre_disaster.json","D:\JupyterProject\storage\tiles\geotiffs\hold\labels\hurricane-harvey_00000409_post_disaster.json","no-damage","0","103","0"
"hold","hurricane-harvey","hurricane-harvey_00000414","D:\JupyterProject\storage\tiles\geotiffs\hold\images\hurricane-harvey_00000414_pre_disaster.tif","D:\JupyterProject\storage\tiles\geotiffs\hold\images\hurricane-harvey_00000414_post_disaster.tif","D:\JupyterProject\storage\tiles\geotiffs\hold\labels\hurricane-harvey_00000414_pre_disaster.json","D:\JupyterProject\storage\tiles\geotiffs\hold\labels\hurricane-harvey_00000414_post_disaster.json","destroyed","1","36","0"
"hold","hurricane-harvey","hurricane-harvey_00000417","D:\JupyterProject\storage\tiles\geotiffs\hold\images\hurricane-harvey_00000417_pre_disaster.tif","D:\JupyterProject\storage\tiles\geotiffs\hold\images\hurricane-harvey_00000417_post_disaster.tif","D:\JupyterProject\storage\tiles\geotiffs\hold\labels\hurricane-harvey_00000417_pre_disaster.json","D:\JupyterProject\storage\tiles\geotiffs\hold\labels\hurricane-harvey_00000417_post_disaster.json","destroyed","1","186","0"
"hold","hurricane-harvey","hurricane-harvey_00000421","D:\JupyterProject\storage\tiles\geotiffs\hold\images\hurricane-harvey_00000421_pre_disaster.tif","D:\JupyterProject\storage\tiles\geotiffs\hold\images\hurricane-harvey_00000421_post_disaster.tif","D:\JupyterProject\storage\tiles\geotiffs\hold\labels\hurricane-harvey_00000421_pre_disaster.json","D:\JupyterProject\storage\tiles\geotiffs\hold\labels\hurricane-harvey_00000421_post_disaster.json","destroyed","1","62","6"
"hold","hurricane-harvey","hurricane-harvey_00000447","D:\JupyterProject\storage\tiles\geotiffs\hold\images\hurricane-harvey_00000447_pre_disaster.tif","D:\JupyterProject\storage\tiles\geotiffs\hold\images\hurricane-harvey_00000447_post_disaster.tif","D:\JupyterProject\storage\tiles\geotiffs\hold\labels\hurricane-harvey_00000447_pre_disaster.json","D:\JupyterProject\storage\tiles\geotiffs\hold\labels\hurricane-harvey_00000447_post_disaster.json","destroyed","1","95","4"
"hold","hurricane-harvey","hurricane-harvey_00000449","D:\JupyterProject\storage\tiles\geotiffs\hold\images\hurricane-harvey_00000449_pre_disaster.tif","D:\JupyterProject\storage\tiles\geotiffs\hold\images\hurricane-harvey_00000449_post_disaster.tif","D:\JupyterProject\storage\tiles\geotiffs\hold\labels\hurricane-harvey_00000449_pre_disaster.json","D:\JupyterProject\storage\tiles\geotiffs\hold\labels\hurricane-harvey_00000449_post_disaster.json","no-damage","0","5","1"
"hold","hurricane-harvey","hurricane-harvey_00000450","D:\JupyterProject\storage\tiles\geotiffs\hold\images\hurricane-harvey_00000450_pre_disaster.tif","D:\JupyterProject\storage\tiles\geotiffs\hold\images\hurricane-harvey_00000450_post_disaster.tif","D:\JupyterProject\storage\tiles\geotiffs\hold\labels\hurricane-harvey_00000450_pre_disaster.json","D:\JupyterProject\storage\tiles\geotiffs\hold\labels\hurricane-harvey_00000450_post_disaster.json","destroyed","1","108","12"
"hold","hurricane-harvey","hurricane-harvey_00000457","D:\JupyterProject\storage\tiles\geotiffs\hold\images\hurricane-harvey_00000457_pre_disaster.tif","D:\JupyterProject\storage\tiles\geotiffs\hold\images\hurricane-harvey_00000457_post_disaster.tif","D:\JupyterProject\storage\tiles\geotiffs\hold\labels\hurricane-harvey_00000457_pre_disaster.json","D:\JupyterProject\storage\tiles\geotiffs\hold\labels\hurricane-harvey_00000457_post_disaster.json","destroyed","1","177","0"
"hold","hurricane-harvey","hurricane-harvey_00000459","D:\JupyterProject\storage\tiles\geotiffs\hold\images\hurricane-harvey_00000459_pre_disaster.tif","D:\JupyterProject\storage\tiles\geotiffs\hold\images\hurricane-harvey_00000459_post_disaster.tif","D:\JupyterProject\storage\tiles\geotiffs\hold\labels\hurricane-harvey_00000459_pre_disaster.json","D:\JupyterProject\storage\tiles\geotiffs\hold\labels\hurricane-harvey_00000459_post_disaster.json","no-damage","0","92","0"
"hold","hurricane-harvey","hurricane-harvey_00000475","D:\JupyterProject\storage\tiles\geotiffs\hold\images\hurricane-harvey_00000475_pre_disaster.tif","D:\JupyterProject\storage\tiles\geotiffs\hold\images\hurricane-harvey_00000475_post_disaster.tif","D:\JupyterProject\storage\tiles\geotiffs\hold\labels\hurricane-harvey_00000475_pre_disaster.json","D:\JupyterProject\storage\tiles\geotiffs\hold\labels\hurricane-harvey_00000475_post_disaster.json","major-damage","1","236","0"
"hold","hurricane-harvey","hurricane-harvey_00000487","D:\JupyterProject\storage\tiles\geotiffs\hold\images\hurricane-harvey_00000487_pre_disaster.tif","D:\JupyterProject\storage\tiles\geotiffs\hold\images\hurricane-harvey_00000487_post_disaster.tif","D:\JupyterProject\storage\tiles\geotiffs\hold\labels\hurricane-harvey_00000487_pre_disaster.json","D:\JupyterProject\storage\tiles\geotiffs\hold\labels\hurricane-harvey_00000487_post_disaster.json","no-damage","0","47","0"
"hold","hurricane-harvey","hurricane-harvey_00000490","D:\JupyterProject\storage\tiles\geotiffs\hold\images\hurricane-harvey_00000490_pre_disaster.tif","D:\JupyterProject\storage\tiles\geotiffs\hold\images\hurricane-harvey_00000490_post_disaster.tif","D:\JupyterProject\storage\tiles\geotiffs\hold\labels\hurricane-harvey_00000490_pre_disaster.json","D:\JupyterProject\storage\tiles\geotiffs\hold\labels\hurricane-harvey_00000490_post_disaster.json","destroyed","1","194","0"
"hold","hurricane-harvey","hurricane-harvey_00000497","D:\JupyterProject\storage\tiles\geotiffs\hold\images\hurricane-harvey_00000497_pre_disaster.tif","D:\JupyterProject\storage\tiles\geotiffs\hold\images\hurricane-harvey_00000497_post_disaster.tif","D:\JupyterProject\storage\tiles\geotiffs\hold\labels\hurricane-harvey_00000497_pre_disaster.json","D:\JupyterProject\storage\tiles\geotiffs\hold\labels\hurricane-harvey_00000497_post_disaster.json","destroyed","1","41","0"
"hold","hurricane-harvey","hurricane-harvey_00000503","D:\JupyterProject\storage\tiles\geotiffs\hold\images\hurricane-harvey_00000503_pre_disaster.tif","D:\JupyterProject\storage\tiles\geotiffs\hold\images\hurricane-harvey_00000503_post_disaster.tif","D:\JupyterProject\storage\tiles\geotiffs\hold\labels\hurricane-harvey_00000503_pre_disaster.json","D:\JupyterProject\storage\tiles\geotiffs\hold\labels\hurricane-harvey_00000503_post_disaster.json","major-damage","1","125","0"
"hold","hurricane-harvey","hurricane-harvey_00000513","D:\JupyterProject\storage\tiles\geotiffs\hold\images\hurricane-harvey_00000513_pre_disaster.tif","D:\JupyterProject\storage\tiles\geotiffs\hold\images\hurricane-harvey_00000513_post_disaster.tif","D:\JupyterProject\storage\tiles\geotiffs\hold\labels\hurricane-harvey_00000513_pre_disaster.json","D:\JupyterProject\storage\tiles\geotiffs\hold\labels\hurricane-harvey_00000513_post_disaster.json","minor-damage","0","27","0"
"hold","hurricane-harvey","hurricane-harvey_00000518","D:\JupyterProject\storage\tiles\geotiffs\hold\images\hurricane-harvey_00000518_pre_disaster.tif","D:\JupyterProject\storage\tiles\geotiffs\hold\images\hurricane-harvey_00000518_post_disaster.tif","D:\JupyterProject\storage\tiles\geotiffs\hold\labels\hurricane-harvey_00000518_pre_disaster.json","D:\JupyterProject\storage\tiles\geotiffs\hold\labels\hurricane-harvey_00000518_post_disaster.json","destroyed","1","6","0"
"hold","hurricane-matthew","hurricane-matthew_00000012","D:\JupyterProject\storage\tiles\geotiffs\hold\images\hurricane-matthew_00000012_pre_disaster.tif","D:\JupyterProject\storage\tiles\geotiffs\hold\images\hurricane-matthew_00000012_post_disaster.tif","D:\JupyterProject\storage\tiles\geotiffs\hold\labels\hurricane-matthew_00000012_pre_disaster.json","D:\JupyterProject\storage\tiles\geotiffs\hold\labels\hurricane-matthew_00000012_post_disaster.json","major-damage","1","101","7"
"hold","hurricane-matthew","hurricane-matthew_00000015","D:\JupyterProject\storage\tiles\geotiffs\hold\images\hurricane-matthew_00000015_pre_disaster.tif","D:\JupyterProject\storage\tiles\geotiffs\hold\images\hurricane-matthew_00000015_post_disaster.tif","D:\JupyterProject\storage\tiles\geotiffs\hold\labels\hurricane-matthew_00000015_pre_disaster.json","D:\JupyterProject\storage\tiles\geotiffs\hold\labels\hurricane-matthew_00000015_post_disaster.json","no-damage","0","3","0"
"hold","hurricane-matthew","hurricane-matthew_00000020","D:\JupyterProject\storage\tiles\geotiffs\hold\images\hurricane-matthew_00000020_pre_disaster.tif","D:\JupyterProject\storage\tiles\geotiffs\hold\images\hurricane-matthew_00000020_post_disaster.tif","D:\JupyterProject\storage\tiles\geotiffs\hold\labels\hurricane-matthew_00000020_pre_disaster.json","D:\JupyterProject\storage\tiles\geotiffs\hold\labels\hurricane-matthew_00000020_post_disaster.json","major-damage","1","79","7"
"hold","hurricane-matthew","hurricane-matthew_00000024","D:\JupyterProject\storage\tiles\geotiffs\hold\images\hurricane-matthew_00000024_pre_disaster.tif","D:\JupyterProject\storage\tiles\geotiffs\hold\images\hurricane-matthew_00000024_post_disaster.tif","D:\JupyterProject\storage\tiles\geotiffs\hold\labels\hurricane-matthew_00000024_pre_disaster.json","D:\JupyterProject\storage\tiles\geotiffs\hold\labels\hurricane-matthew_00000024_post_disaster.json","minor-damage","0","327","6"
"hold","hurricane-matthew","hurricane-matthew_00000025","D:\JupyterProject\storage\tiles\geotiffs\hold\images\hurricane-matthew_00000025_pre_disaster.tif","D:\JupyterProject\storage\tiles\geotiffs\hold\images\hurricane-matthew_00000025_post_disaster.tif","D:\JupyterProject\storage\tiles\geotiffs\hold\labels\hurricane-matthew_00000025_pre_disaster.json","D:\JupyterProject\storage\tiles\geotiffs\hold\labels\hurricane-matthew_00000025_post_disaster.json","destroyed","1","27","7"
"hold","hurricane-matthew","hurricane-matthew_00000026","D:\JupyterProject\storage\tiles\geotiffs\hold\images\hurricane-matthew_00000026_pre_disaster.tif","D:\JupyterProject\storage\tiles\geotiffs\hold\images\hurricane-matthew_00000026_post_disaster.tif","D:\JupyterProject\storage\tiles\geotiffs\hold\labels\hurricane-matthew_00000026_pre_disaster.json","D:\JupyterProject\storage\tiles\geotiffs\hold\labels\hurricane-matthew_00000026_post_disaster.json","destroyed","1","128","15"
"hold","hurricane-matthew","hurricane-matthew_00000032","D:\JupyterProject\storage\tiles\geotiffs\hold\images\hurricane-matthew_00000032_pre_disaster.tif","D:\JupyterProject\storage\tiles\geotiffs\hold\images\hurricane-matthew_00000032_post_disaster.tif","D:\JupyterProject\storage\tiles\geotiffs\hold\labels\hurricane-matthew_00000032_pre_disaster.json","D:\JupyterProject\storage\tiles\geotiffs\hold\labels\hurricane-matthew_00000032_post_disaster.json","major-damage","1","268","5"
"hold","hurricane-matthew","hurricane-matthew_00000036","D:\JupyterProject\storage\tiles\geotiffs\hold\images\hurricane-matthew_00000036_pre_disaster.tif","D:\JupyterProject\storage\tiles\geotiffs\hold\images\hurricane-matthew_00000036_post_disaster.tif","D:\JupyterProject\storage\tiles\geotiffs\hold\labels\hurricane-matthew_00000036_pre_disaster.json","D:\JupyterProject\storage\tiles\geotiffs\hold\labels\hurricane-matthew_00000036_post_disaster.json","destroyed","1","33","9"
"hold","hurricane-matthew","hurricane-matthew_00000038","D:\JupyterProject\storage\tiles\geotiffs\hold\images\hurricane-matthew_00000038_pre_disaster.tif","D:\JupyterProject\storage\tiles\geotiffs\hold\images\hurricane-matthew_00000038_post_disaster.tif","D:\JupyterProject\storage\tiles\geotiffs\hold\labels\hurricane-matthew_00000038_pre_disaster.json","D:\JupyterProject\storage\tiles\geotiffs\hold\labels\hurricane-matthew_00000038_post_disaster.json","minor-damage","0","100","12"
"hold","hurricane-matthew","hurricane-matthew_00000046","D:\JupyterProject\storage\tiles\geotiffs\hold\images\hurricane-matthew_00000046_pre_disaster.tif","D:\JupyterProject\storage\tiles\geotiffs\hold\images\hurricane-matthew_00000046_post_disaster.tif","D:\JupyterProject\storage\tiles\geotiffs\hold\labels\hurricane-matthew_00000046_pre_disaster.json","D:\JupyterProject\storage\tiles\geotiffs\hold\labels\hurricane-matthew_00000046_post_disaster.json","destroyed","1","36","1"
"hold","hurricane-matthew","hurricane-matthew_00000047","D:\JupyterProject\storage\tiles\geotiffs\hold\images\hurricane-matthew_00000047_pre_disaster.tif","D:\JupyterProject\storage\tiles\geotiffs\hold\images\hurricane-matthew_00000047_post_disaster.tif","D:\JupyterProject\storage\tiles\geotiffs\hold\labels\hurricane-matthew_00000047_pre_disaster.json","D:\JupyterProject\storage\tiles\geotiffs\hold\labels\hurricane-matthew_00000047_post_disaster.json","destroyed","1","91","1"
"hold","hurricane-matthew","hurricane-matthew_00000055","D:\JupyterProject\storage\tiles\geotiffs\hold\images\hurricane-matthew_00000055_pre_disaster.tif","D:\JupyterProject\storage\tiles\geotiffs\hold\images\hurricane-matthew_00000055_post_disaster.tif","D:\JupyterProject\storage\tiles\geotiffs\hold\labels\hurricane-matthew_00000055_pre_disaster.json","D:\JupyterProject\storage\tiles\geotiffs\hold\labels\hurricane-matthew_00000055_post_disaster.json","destroyed","1","4","4"
"hold","hurricane-matthew","hurricane-matthew_00000058","D:\JupyterProject\storage\tiles\geotiffs\hold\images\hurricane-matthew_00000058_pre_disaster.tif","D:\JupyterProject\storage\tiles\geotiffs\hold\images\hurricane-matthew_00000058_post_disaster.tif","D:\JupyterProject\storage\tiles\geotiffs\hold\labels\hurricane-matthew_00000058_pre_disaster.json","D:\JupyterProject\storage\tiles\geotiffs\hold\labels\hurricane-matthew_00000058_post_disaster.json","major-damage","1","11","1"
"hold","hurricane-matthew","hurricane-matthew_00000059","D:\JupyterProject\storage\tiles\geotiffs\hold\images\hurricane-matthew_00000059_pre_disaster.tif","D:\JupyterProject\storage\tiles\geotiffs\hold\images\hurricane-matthew_00000059_post_disaster.tif","D:\JupyterProject\storage\tiles\geotiffs\hold\labels\hurricane-matthew_00000059_pre_disaster.json","D:\JupyterProject\storage\tiles\geotiffs\hold\labels\hurricane-matthew_00000059_post_disaster.json","major-damage","1","17","2"
"hold","hurricane-matthew","hurricane-matthew_00000061","D:\JupyterProject\storage\tiles\geotiffs\hold\images\hurricane-matthew_00000061_pre_disaster.tif","D:\JupyterProject\storage\tiles\geotiffs\hold\images\hurricane-matthew_00000061_post_disaster.tif","D:\JupyterProject\storage\tiles\geotiffs\hold\labels\hurricane-matthew_00000061_pre_disaster.json","D:\JupyterProject\storage\tiles\geotiffs\hold\labels\hurricane-matthew_00000061_post_disaster.json","major-damage","1","76","31"
"hold","hurricane-matthew","hurricane-matthew_00000068","D:\JupyterProject\storage\tiles\geotiffs\hold\images\hurricane-matthew_00000068_pre_disaster.tif","D:\JupyterProject\storage\tiles\geotiffs\hold\images\hurricane-matthew_00000068_post_disaster.tif","D:\JupyterProject\storage\tiles\geotiffs\hold\labels\hurricane-matthew_00000068_pre_disaster.json","D:\JupyterProject\storage\tiles\geotiffs\hold\labels\hurricane-matthew_00000068_post_disaster.json","major-damage","1","113","5"
"hold","hurricane-matthew","hurricane-matthew_00000073","D:\JupyterProject\storage\tiles\geotiffs\hold\images\hurricane-matthew_00000073_pre_disaster.tif","D:\JupyterProject\storage\tiles\geotiffs\hold\images\hurricane-matthew_00000073_post_disaster.tif","D:\JupyterProject\storage\tiles\geotiffs\hold\labels\hurricane-matthew_00000073_pre_disaster.json","D:\JupyterProject\storage\tiles\geotiffs\hold\labels\hurricane-matthew_00000073_post_disaster.json","major-damage","1","118","8"
"hold","hurricane-matthew","hurricane-matthew_00000074","D:\JupyterProject\storage\tiles\geotiffs\hold\images\hurricane-matthew_00000074_pre_disaster.tif","D:\JupyterProject\storage\tiles\geotiffs\hold\images\hurricane-matthew_00000074_post_disaster.tif","D:\JupyterProject\storage\tiles\geotiffs\hold\labels\hurricane-matthew_00000074_pre_disaster.json","D:\JupyterProject\storage\tiles\geotiffs\hold\labels\hurricane-matthew_00000074_post_disaster.json","no-damage","0","5","1"
"hold","hurricane-matthew","hurricane-matthew_00000081","D:\JupyterProject\storage\tiles\geotiffs\hold\images\hurricane-matthew_00000081_pre_disaster.tif","D:\JupyterProject\storage\tiles\geotiffs\hold\images\hurricane-matthew_00000081_post_disaster.tif","D:\JupyterProject\storage\tiles\geotiffs\hold\labels\hurricane-matthew_00000081_pre_disaster.json","D:\JupyterProject\storage\tiles\geotiffs\hold\labels\hurricane-matthew_00000081_post_disaster.json","minor-damage","0","285","7"
"hold","hurricane-matthew","hurricane-matthew_00000087","D:\JupyterProject\storage\tiles\geotiffs\hold\images\hurricane-matthew_00000087_pre_disaster.tif","D:\JupyterProject\storage\tiles\geotiffs\hold\images\hurricane-matthew_00000087_post_disaster.tif","D:\JupyterProject\storage\tiles\geotiffs\hold\labels\hurricane-matthew_00000087_pre_disaster.json","D:\JupyterProject\storage\tiles\geotiffs\hold\labels\hurricane-matthew_00000087_post_disaster.json","minor-damage","0","375","3"
"hold","hurricane-matthew","hurricane-matthew_00000088","D:\JupyterProject\storage\tiles\geotiffs\hold\images\hurricane-matthew_00000088_pre_disaster.tif","D:\JupyterProject\storage\tiles\geotiffs\hold\images\hurricane-matthew_00000088_post_disaster.tif","D:\JupyterProject\storage\tiles\geotiffs\hold\labels\hurricane-matthew_00000088_pre_disaster.json","D:\JupyterProject\storage\tiles\geotiffs\hold\labels\hurricane-matthew_00000088_post_disaster.json","major-damage","1","60","0"
"hold","hurricane-matthew","hurricane-matthew_00000091","D:\JupyterProject\storage\tiles\geotiffs\hold\images\hurricane-matthew_00000091_pre_disaster.tif","D:\JupyterProject\storage\tiles\geotiffs\hold\images\hurricane-matthew_00000091_post_disaster.tif","D:\JupyterProject\storage\tiles\geotiffs\hold\labels\hurricane-matthew_00000091_pre_disaster.json","D:\JupyterProject\storage\tiles\geotiffs\hold\labels\hurricane-matthew_00000091_post_disaster.json","minor-damage","0","20","0"
"hold","hurricane-matthew","hurricane-matthew_00000098","D:\JupyterProject\storage\tiles\geotiffs\hold\images\hurricane-matthew_00000098_pre_disaster.tif","D:\JupyterProject\storage\tiles\geotiffs\hold\images\hurricane-matthew_00000098_post_disaster.tif","D:\JupyterProject\storage\tiles\geotiffs\hold\labels\hurricane-matthew_00000098_pre_disaster.json","D:\JupyterProject\storage\tiles\geotiffs\hold\labels\hurricane-matthew_00000098_post_disaster.json","major-damage","1","624","0"
"hold","hurricane-matthew","hurricane-matthew_00000106","D:\JupyterProject\storage\tiles\geotiffs\hold\images\hurricane-matthew_00000106_pre_disaster.tif","D:\JupyterProject\storage\tiles\geotiffs\hold\images\hurricane-matthew_00000106_post_disaster.tif","D:\JupyterProject\storage\tiles\geotiffs\hold\labels\hurricane-matthew_00000106_pre_disaster.json","D:\JupyterProject\storage\tiles\geotiffs\hold\labels\hurricane-matthew_00000106_post_disaster.json","minor-damage","0","488","1"
"hold","hurricane-matthew","hurricane-matthew_00000107","D:\JupyterProject\storage\tiles\geotiffs\hold\images\hurricane-matthew_00000107_pre_disaster.tif","D:\JupyterProject\storage\tiles\geotiffs\hold\images\hurricane-matthew_00000107_post_disaster.tif","D:\JupyterProject\storage\tiles\geotiffs\hold\labels\hurricane-matthew_00000107_pre_disaster.json","D:\JupyterProject\storage\tiles\geotiffs\hold\labels\hurricane-matthew_00000107_post_disaster.json","minor-damage","0","184","5"
"hold","hurricane-matthew","hurricane-matthew_00000109","D:\JupyterProject\storage\tiles\geotiffs\hold\images\hurricane-matthew_00000109_pre_disaster.tif","D:\JupyterProject\storage\tiles\geotiffs\hold\images\hurricane-matthew_00000109_post_disaster.tif","D:\JupyterProject\storage\tiles\geotiffs\hold\labels\hurricane-matthew_00000109_pre_disaster.json","D:\JupyterProject\storage\tiles\geotiffs\hold\labels\hurricane-matthew_00000109_post_disaster.json","no-damage","0","0","0"
"hold","hurricane-matthew","hurricane-matthew_00000117","D:\JupyterProject\storage\tiles\geotiffs\hold\images\hurricane-matthew_00000117_pre_disaster.tif","D:\JupyterProject\storage\tiles\geotiffs\hold\images\hurricane-matthew_00000117_post_disaster.tif","D:\JupyterProject\storage\tiles\geotiffs\hold\labels\hurricane-matthew_00000117_pre_disaster.json","D:\JupyterProject\storage\tiles\geotiffs\hold\labels\hurricane-matthew_00000117_post_disaster.json","minor-damage","0","1","0"
"hold","hurricane-matthew","hurricane-matthew_00000123","D:\JupyterProject\storage\tiles\geotiffs\hold\images\hurricane-matthew_00000123_pre_disaster.tif","D:\JupyterProject\storage\tiles\geotiffs\hold\images\hurricane-matthew_00000123_post_disaster.tif","D:\JupyterProject\storage\tiles\geotiffs\hold\labels\hurricane-matthew_00000123_pre_disaster.json","D:\JupyterProject\storage\tiles\geotiffs\hold\labels\hurricane-matthew_00000123_post_disaster.json","destroyed","1","70","13"
"hold","hurricane-matthew","hurricane-matthew_00000124","D:\JupyterProject\storage\tiles\geotiffs\hold\images\hurricane-matthew_00000124_pre_disaster.tif","D:\JupyterProject\storage\tiles\geotiffs\hold\images\hurricane-matthew_00000124_post_disaster.tif","D:\JupyterProject\storage\tiles\geotiffs\hold\labels\hurricane-matthew_00000124_pre_disaster.json","D:\JupyterProject\storage\tiles\geotiffs\hold\labels\hurricane-matthew_00000124_post_disaster.json","destroyed","1","123","2"
"hold","hurricane-matthew","hurricane-matthew_00000127","D:\JupyterProject\storage\tiles\geotiffs\hold\images\hurricane-matthew_00000127_pre_disaster.tif","D:\JupyterProject\storage\tiles\geotiffs\hold\images\hurricane-matthew_00000127_post_disaster.tif","D:\JupyterProject\storage\tiles\geotiffs\hold\labels\hurricane-matthew_00000127_pre_disaster.json","D:\JupyterProject\storage\tiles\geotiffs\hold\labels\hurricane-matthew_00000127_post_disaster.json","destroyed","1","39","0"
"hold","hurricane-matthew","hurricane-matthew_00000131","D:\JupyterProject\storage\tiles\geotiffs\hold\images\hurricane-matthew_00000131_pre_disaster.tif","D:\JupyterProject\storage\tiles\geotiffs\hold\images\hurricane-matthew_00000131_post_disaster.tif","D:\JupyterProject\storage\tiles\geotiffs\hold\labels\hurricane-matthew_00000131_pre_disaster.json","D:\JupyterProject\storage\tiles\geotiffs\hold\labels\hurricane-matthew_00000131_post_disaster.json","destroyed","1","143","10"
"hold","hurricane-matthew","hurricane-matthew_00000138","D:\JupyterProject\storage\tiles\geotiffs\hold\images\hurricane-matthew_00000138_pre_disaster.tif","D:\JupyterProject\storage\tiles\geotiffs\hold\images\hurricane-matthew_00000138_post_disaster.tif","D:\JupyterProject\storage\tiles\geotiffs\hold\labels\hurricane-matthew_00000138_pre_disaster.json","D:\JupyterProject\storage\tiles\geotiffs\hold\labels\hurricane-matthew_00000138_post_disaster.json","destroyed","1","3","0"
"hold","hurricane-matthew","hurricane-matthew_00000141","D:\JupyterProject\storage\tiles\geotiffs\hold\images\hurricane-matthew_00000141_pre_disaster.tif","D:\JupyterProject\storage\tiles\geotiffs\hold\images\hurricane-matthew_00000141_post_disaster.tif","D:\JupyterProject\storage\tiles\geotiffs\hold\labels\hurricane-matthew_00000141_pre_disaster.json","D:\JupyterProject\storage\tiles\geotiffs\hold\labels\hurricane-matthew_00000141_post_disaster.json","destroyed","1","15","1"
"hold","hurricane-matthew","hurricane-matthew_00000142","D:\JupyterProject\storage\tiles\geotiffs\hold\images\hurricane-matthew_00000142_pre_disaster.tif","D:\JupyterProject\storage\tiles\geotiffs\hold\images\hurricane-matthew_00000142_post_disaster.tif","D:\JupyterProject\storage\tiles\geotiffs\hold\labels\hurricane-matthew_00000142_pre_disaster.json","D:\JupyterProject\storage\tiles\geotiffs\hold\labels\hurricane-matthew_00000142_post_disaster.json","destroyed","1","29","0"
"hold","hurricane-matthew","hurricane-matthew_00000144","D:\JupyterProject\storage\tiles\geotiffs\hold\images\hurricane-matthew_00000144_pre_disaster.tif","D:\JupyterProject\storage\tiles\geotiffs\hold\images\hurricane-matthew_00000144_post_disaster.tif","D:\JupyterProject\storage\tiles\geotiffs\hold\labels\hurricane-matthew_00000144_pre_disaster.json","D:\JupyterProject\storage\tiles\geotiffs\hold\labels\hurricane-matthew_00000144_post_disaster.json","destroyed","1","7","1"
"hold","hurricane-matthew","hurricane-matthew_00000148","D:\JupyterProject\storage\tiles\geotiffs\hold\images\hurricane-matthew_00000148_pre_disaster.tif","D:\JupyterProject\storage\tiles\geotiffs\hold\images\hurricane-matthew_00000148_post_disaster.tif","D:\JupyterProject\storage\tiles\geotiffs\hold\labels\hurricane-matthew_00000148_pre_disaster.json","D:\JupyterProject\storage\tiles\geotiffs\hold\labels\hurricane-matthew_00000148_post_disaster.json","minor-damage","0","187","14"
"hold","hurricane-matthew","hurricane-matthew_00000151","D:\JupyterProject\storage\tiles\geotiffs\hold\images\hurricane-matthew_00000151_pre_disaster.tif","D:\JupyterProject\storage\tiles\geotiffs\hold\images\hurricane-matthew_00000151_post_disaster.tif","D:\JupyterProject\storage\tiles\geotiffs\hold\labels\hurricane-matthew_00000151_pre_disaster.json","D:\JupyterProject\storage\tiles\geotiffs\hold\labels\hurricane-matthew_00000151_post_disaster.json","destroyed","1","20","1"
"hold","hurricane-matthew","hurricane-matthew_00000157","D:\JupyterProject\storage\tiles\geotiffs\hold\images\hurricane-matthew_00000157_pre_disaster.tif","D:\JupyterProject\storage\tiles\geotiffs\hold\images\hurricane-matthew_00000157_post_disaster.tif","D:\JupyterProject\storage\tiles\geotiffs\hold\labels\hurricane-matthew_00000157_pre_disaster.json","D:\JupyterProject\storage\tiles\geotiffs\hold\labels\hurricane-matthew_00000157_post_disaster.json","destroyed","1","21","2"
"hold","hurricane-matthew","hurricane-matthew_00000161","D:\JupyterProject\storage\tiles\geotiffs\hold\images\hurricane-matthew_00000161_pre_disaster.tif","D:\JupyterProject\storage\tiles\geotiffs\hold\images\hurricane-matthew_00000161_post_disaster.tif","D:\JupyterProject\storage\tiles\geotiffs\hold\labels\hurricane-matthew_00000161_pre_disaster.json","D:\JupyterProject\storage\tiles\geotiffs\hold\labels\hurricane-matthew_00000161_post_disaster.json","destroyed","1","24","1"
"hold","hurricane-matthew","hurricane-matthew_00000191","D:\JupyterProject\storage\tiles\geotiffs\hold\images\hurricane-matthew_00000191_pre_disaster.tif","D:\JupyterProject\storage\tiles\geotiffs\hold\images\hurricane-matthew_00000191_post_disaster.tif","D:\JupyterProject\storage\tiles\geotiffs\hold\labels\hurricane-matthew_00000191_pre_disaster.json","D:\JupyterProject\storage\tiles\geotiffs\hold\labels\hurricane-matthew_00000191_post_disaster.json","destroyed","1","11","0"
"hold","hurricane-matthew","hurricane-matthew_00000194","D:\JupyterProject\storage\tiles\geotiffs\hold\images\hurricane-matthew_00000194_pre_disaster.tif","D:\JupyterProject\storage\tiles\geotiffs\hold\images\hurricane-matthew_00000194_post_disaster.tif","D:\JupyterProject\storage\tiles\geotiffs\hold\labels\hurricane-matthew_00000194_pre_disaster.json","D:\JupyterProject\storage\tiles\geotiffs\hold\labels\hurricane-matthew_00000194_post_disaster.json","destroyed","1","19","0"
"hold","hurricane-matthew","hurricane-matthew_00000196","D:\JupyterProject\storage\tiles\geotiffs\hold\images\hurricane-matthew_00000196_pre_disaster.tif","D:\JupyterProject\storage\tiles\geotiffs\hold\images\hurricane-matthew_00000196_post_disaster.tif","D:\JupyterProject\storage\tiles\geotiffs\hold\labels\hurricane-matthew_00000196_pre_disaster.json","D:\JupyterProject\storage\tiles\geotiffs\hold\labels\hurricane-matthew_00000196_post_disaster.json","destroyed","1","7","1"
"hold","hurricane-matthew","hurricane-matthew_00000199","D:\JupyterProject\storage\tiles\geotiffs\hold\images\hurricane-matthew_00000199_pre_disaster.tif","D:\JupyterProject\storage\tiles\geotiffs\hold\images\hurricane-matthew_00000199_post_disaster.tif","D:\JupyterProject\storage\tiles\geotiffs\hold\labels\hurricane-matthew_00000199_pre_disaster.json","D:\JupyterProject\storage\tiles\geotiffs\hold\labels\hurricane-matthew_00000199_post_disaster.json","destroyed","1","10","4"
"hold","hurricane-matthew","hurricane-matthew_00000201","D:\JupyterProject\storage\tiles\geotiffs\hold\images\hurricane-matthew_00000201_pre_disaster.tif","D:\JupyterProject\storage\tiles\geotiffs\hold\images\hurricane-matthew_00000201_post_disaster.tif","D:\JupyterProject\storage\tiles\geotiffs\hold\labels\hurricane-matthew_00000201_pre_disaster.json","D:\JupyterProject\storage\tiles\geotiffs\hold\labels\hurricane-matthew_00000201_post_disaster.json","destroyed","1","4","0"
"hold","hurricane-matthew","hurricane-matthew_00000203","D:\JupyterProject\storage\tiles\geotiffs\hold\images\hurricane-matthew_00000203_pre_disaster.tif","D:\JupyterProject\storage\tiles\geotiffs\hold\images\hurricane-matthew_00000203_post_disaster.tif","D:\JupyterProject\storage\tiles\geotiffs\hold\labels\hurricane-matthew_00000203_pre_disaster.json","D:\JupyterProject\storage\tiles\geotiffs\hold\labels\hurricane-matthew_00000203_post_disaster.json","destroyed","1","15","0"
"hold","hurricane-matthew","hurricane-matthew_00000214","D:\JupyterProject\storage\tiles\geotiffs\hold\images\hurricane-matthew_00000214_pre_disaster.tif","D:\JupyterProject\storage\tiles\geotiffs\hold\images\hurricane-matthew_00000214_post_disaster.tif","D:\JupyterProject\storage\tiles\geotiffs\hold\labels\hurricane-matthew_00000214_pre_disaster.json","D:\JupyterProject\storage\tiles\geotiffs\hold\labels\hurricane-matthew_00000214_post_disaster.json","destroyed","1","17","3"
"hold","hurricane-matthew","hurricane-matthew_00000216","D:\JupyterProject\storage\tiles\geotiffs\hold\images\hurricane-matthew_00000216_pre_disaster.tif","D:\JupyterProject\storage\tiles\geotiffs\hold\images\hurricane-matthew_00000216_post_disaster.tif","D:\JupyterProject\storage\tiles\geotiffs\hold\labels\hurricane-matthew_00000216_pre_disaster.json","D:\JupyterProject\storage\tiles\geotiffs\hold\labels\hurricane-matthew_00000216_post_disaster.json","destroyed","1","28","0"
"hold","hurricane-matthew","hurricane-matthew_00000217","D:\JupyterProject\storage\tiles\geotiffs\hold\images\hurricane-matthew_00000217_pre_disaster.tif","D:\JupyterProject\storage\tiles\geotiffs\hold\images\hurricane-matthew_00000217_post_disaster.tif","D:\JupyterProject\storage\tiles\geotiffs\hold\labels\hurricane-matthew_00000217_pre_disaster.json","D:\JupyterProject\storage\tiles\geotiffs\hold\labels\hurricane-matthew_00000217_post_disaster.json","destroyed","1","12","2"
"hold","hurricane-matthew","hurricane-matthew_00000218","D:\JupyterProject\storage\tiles\geotiffs\hold\images\hurricane-matthew_00000218_pre_disaster.tif","D:\JupyterProject\storage\tiles\geotiffs\hold\images\hurricane-matthew_00000218_post_disaster.tif","D:\JupyterProject\storage\tiles\geotiffs\hold\labels\hurricane-matthew_00000218_pre_disaster.json","D:\JupyterProject\storage\tiles\geotiffs\hold\labels\hurricane-matthew_00000218_post_disaster.json","destroyed","1","25","3"
"hold","hurricane-matthew","hurricane-matthew_00000220","D:\JupyterProject\storage\tiles\geotiffs\hold\images\hurricane-matthew_00000220_pre_disaster.tif","D:\JupyterProject\storage\tiles\geotiffs\hold\images\hurricane-matthew_00000220_post_disaster.tif","D:\JupyterProject\storage\tiles\geotiffs\hold\labels\hurricane-matthew_00000220_pre_disaster.json","D:\JupyterProject\storage\tiles\geotiffs\hold\labels\hurricane-matthew_00000220_post_disaster.json","destroyed","1","22","1"
"hold","hurricane-matthew","hurricane-matthew_00000224","D:\JupyterProject\storage\tiles\geotiffs\hold\images\hurricane-matthew_00000224_pre_disaster.tif","D:\JupyterProject\storage\tiles\geotiffs\hold\images\hurricane-matthew_00000224_post_disaster.tif","D:\JupyterProject\storage\tiles\geotiffs\hold\labels\hurricane-matthew_00000224_pre_disaster.json","D:\JupyterProject\storage\tiles\geotiffs\hold\labels\hurricane-matthew_00000224_post_disaster.json","destroyed","1","11","4"
"hold","hurricane-matthew","hurricane-matthew_00000229","D:\JupyterProject\storage\tiles\geotiffs\hold\images\hurricane-matthew_00000229_pre_disaster.tif","D:\JupyterProject\storage\tiles\geotiffs\hold\images\hurricane-matthew_00000229_post_disaster.tif","D:\JupyterProject\storage\tiles\geotiffs\hold\labels\hurricane-matthew_00000229_pre_disaster.json","D:\JupyterProject\storage\tiles\geotiffs\hold\labels\hurricane-matthew_00000229_post_disaster.json","destroyed","1","14","1"
"hold","hurricane-matthew","hurricane-matthew_00000230","D:\JupyterProject\storage\tiles\geotiffs\hold\images\hurricane-matthew_00000230_pre_disaster.tif","D:\JupyterProject\storage\tiles\geotiffs\hold\images\hurricane-matthew_00000230_post_disaster.tif","D:\JupyterProject\storage\tiles\geotiffs\hold\labels\hurricane-matthew_00000230_pre_disaster.json","D:\JupyterProject\storage\tiles\geotiffs\hold\labels\hurricane-matthew_00000230_post_disaster.json","destroyed","1","12","0"
"hold","hurricane-matthew","hurricane-matthew_00000235","D:\JupyterProject\storage\tiles\geotiffs\hold\images\hurricane-matthew_00000235_pre_disaster.tif","D:\JupyterProject\storage\tiles\geotiffs\hold\images\hurricane-matthew_00000235_post_disaster.tif","D:\JupyterProject\storage\tiles\geotiffs\hold\labels\hurricane-matthew_00000235_pre_disaster.json","D:\JupyterProject\storage\tiles\geotiffs\hold\labels\hurricane-matthew_00000235_post_disaster.json","destroyed","1","42","0"
"hold","hurricane-matthew","hurricane-matthew_00000240","D:\JupyterProject\storage\tiles\geotiffs\hold\images\hurricane-matthew_00000240_pre_disaster.tif","D:\JupyterProject\storage\tiles\geotiffs\hold\images\hurricane-matthew_00000240_post_disaster.tif","D:\JupyterProject\storage\tiles\geotiffs\hold\labels\hurricane-matthew_00000240_pre_disaster.json","D:\JupyterProject\storage\tiles\geotiffs\hold\labels\hurricane-matthew_00000240_post_disaster.json","destroyed","1","10","0"
"hold","hurricane-matthew","hurricane-matthew_00000246","D:\JupyterProject\storage\tiles\geotiffs\hold\images\hurricane-matthew_00000246_pre_disaster.tif","D:\JupyterProject\storage\tiles\geotiffs\hold\images\hurricane-matthew_00000246_post_disaster.tif","D:\JupyterProject\storage\tiles\geotiffs\hold\labels\hurricane-matthew_00000246_pre_disaster.json","D:\JupyterProject\storage\tiles\geotiffs\hold\labels\hurricane-matthew_00000246_post_disaster.json","destroyed","1","11","10"
"hold","hurricane-matthew","hurricane-matthew_00000247","D:\JupyterProject\storage\tiles\geotiffs\hold\images\hurricane-matthew_00000247_pre_disaster.tif","D:\JupyterProject\storage\tiles\geotiffs\hold\images\hurricane-matthew_00000247_post_disaster.tif","D:\JupyterProject\storage\tiles\geotiffs\hold\labels\hurricane-matthew_00000247_pre_disaster.json","D:\JupyterProject\storage\tiles\geotiffs\hold\labels\hurricane-matthew_00000247_post_disaster.json","destroyed","1","44","15"
"hold","hurricane-matthew","hurricane-matthew_00000253","D:\JupyterProject\storage\tiles\geotiffs\hold\images\hurricane-matthew_00000253_pre_disaster.tif","D:\JupyterProject\storage\tiles\geotiffs\hold\images\hurricane-matthew_00000253_post_disaster.tif","D:\JupyterProject\storage\tiles\geotiffs\hold\labels\hurricane-matthew_00000253_pre_disaster.json","D:\JupyterProject\storage\tiles\geotiffs\hold\labels\hurricane-matthew_00000253_post_disaster.json","destroyed","1","4","0"
"hold","hurricane-matthew","hurricane-matthew_00000254","D:\JupyterProject\storage\tiles\geotiffs\hold\images\hurricane-matthew_00000254_pre_disaster.tif","D:\JupyterProject\storage\tiles\geotiffs\hold\images\hurricane-matthew_00000254_post_disaster.tif","D:\JupyterProject\storage\tiles\geotiffs\hold\labels\hurricane-matthew_00000254_pre_disaster.json","D:\JupyterProject\storage\tiles\geotiffs\hold\labels\hurricane-matthew_00000254_post_disaster.json","destroyed","1","56","1"
"hold","hurricane-matthew","hurricane-matthew_00000255","D:\JupyterProject\storage\tiles\geotiffs\hold\images\hurricane-matthew_00000255_pre_disaster.tif","D:\JupyterProject\storage\tiles\geotiffs\hold\images\hurricane-matthew_00000255_post_disaster.tif","D:\JupyterProject\storage\tiles\geotiffs\hold\labels\hurricane-matthew_00000255_pre_disaster.json","D:\JupyterProject\storage\tiles\geotiffs\hold\labels\hurricane-matthew_00000255_post_disaster.json","destroyed","1","21","0"
"hold","hurricane-matthew","hurricane-matthew_00000258","D:\JupyterProject\storage\tiles\geotiffs\hold\images\hurricane-matthew_00000258_pre_disaster.tif","D:\JupyterProject\storage\tiles\geotiffs\hold\images\hurricane-matthew_00000258_post_disaster.tif","D:\JupyterProject\storage\tiles\geotiffs\hold\labels\hurricane-matthew_00000258_pre_disaster.json","D:\JupyterProject\storage\tiles\geotiffs\hold\labels\hurricane-matthew_00000258_post_disaster.json","destroyed","1","6","0"
"hold","hurricane-matthew","hurricane-matthew_00000266","D:\JupyterProject\storage\tiles\geotiffs\hold\images\hurricane-matthew_00000266_pre_disaster.tif","D:\JupyterProject\storage\tiles\geotiffs\hold\images\hurricane-matthew_00000266_post_disaster.tif","D:\JupyterProject\storage\tiles\geotiffs\hold\labels\hurricane-matthew_00000266_pre_disaster.json","D:\JupyterProject\storage\tiles\geotiffs\hold\labels\hurricane-matthew_00000266_post_disaster.json","destroyed","1","22","7"
"hold","hurricane-matthew","hurricane-matthew_00000280","D:\JupyterProject\storage\tiles\geotiffs\hold\images\hurricane-matthew_00000280_pre_disaster.tif","D:\JupyterProject\storage\tiles\geotiffs\hold\images\hurricane-matthew_00000280_post_disaster.tif","D:\JupyterProject\storage\tiles\geotiffs\hold\labels\hurricane-matthew_00000280_pre_disaster.json","D:\JupyterProject\storage\tiles\geotiffs\hold\labels\hurricane-matthew_00000280_post_disaster.json","no-damage","0","0","5"
"hold","hurricane-matthew","hurricane-matthew_00000282","D:\JupyterProject\storage\tiles\geotiffs\hold\images\hurricane-matthew_00000282_pre_disaster.tif","D:\JupyterProject\storage\tiles\geotiffs\hold\images\hurricane-matthew_00000282_post_disaster.tif","D:\JupyterProject\storage\tiles\geotiffs\hold\labels\hurricane-matthew_00000282_pre_disaster.json","D:\JupyterProject\storage\tiles\geotiffs\hold\labels\hurricane-matthew_00000282_post_disaster.json","destroyed","1","24","0"
"hold","hurricane-matthew","hurricane-matthew_00000288","D:\JupyterProject\storage\tiles\geotiffs\hold\images\hurricane-matthew_00000288_pre_disaster.tif","D:\JupyterProject\storage\tiles\geotiffs\hold\images\hurricane-matthew_00000288_post_disaster.tif","D:\JupyterProject\storage\tiles\geotiffs\hold\labels\hurricane-matthew_00000288_pre_disaster.json","D:\JupyterProject\storage\tiles\geotiffs\hold\labels\hurricane-matthew_00000288_post_disaster.json","destroyed","1","8","7"
"hold","hurricane-matthew","hurricane-matthew_00000290","D:\JupyterProject\storage\tiles\geotiffs\hold\images\hurricane-matthew_00000290_pre_disaster.tif","D:\JupyterProject\storage\tiles\geotiffs\hold\images\hurricane-matthew_00000290_post_disaster.tif","D:\JupyterProject\storage\tiles\geotiffs\hold\labels\hurricane-matthew_00000290_pre_disaster.json","D:\JupyterProject\storage\tiles\geotiffs\hold\labels\hurricane-matthew_00000290_post_disaster.json","destroyed","1","7","5"
"hold","hurricane-matthew","hurricane-matthew_00000292","D:\JupyterProject\storage\tiles\geotiffs\hold\images\hurricane-matthew_00000292_pre_disaster.tif","D:\JupyterProject\storage\tiles\geotiffs\hold\images\hurricane-matthew_00000292_post_disaster.tif","D:\JupyterProject\storage\tiles\geotiffs\hold\labels\hurricane-matthew_00000292_pre_disaster.json","D:\JupyterProject\storage\tiles\geotiffs\hold\labels\hurricane-matthew_00000292_post_disaster.json","destroyed","1","28","8"
"hold","hurricane-matthew","hurricane-matthew_00000294","D:\JupyterProject\storage\tiles\geotiffs\hold\images\hurricane-matthew_00000294_pre_disaster.tif","D:\JupyterProject\storage\tiles\geotiffs\hold\images\hurricane-matthew_00000294_post_disaster.tif","D:\JupyterProject\storage\tiles\geotiffs\hold\labels\hurricane-matthew_00000294_pre_disaster.json","D:\JupyterProject\storage\tiles\geotiffs\hold\labels\hurricane-matthew_00000294_post_disaster.json","destroyed","1","10","4"
"hold","hurricane-matthew","hurricane-matthew_00000299","D:\JupyterProject\storage\tiles\geotiffs\hold\images\hurricane-matthew_00000299_pre_disaster.tif","D:\JupyterProject\storage\tiles\geotiffs\hold\images\hurricane-matthew_00000299_post_disaster.tif","D:\JupyterProject\storage\tiles\geotiffs\hold\labels\hurricane-matthew_00000299_pre_disaster.json","D:\JupyterProject\storage\tiles\geotiffs\hold\labels\hurricane-matthew_00000299_post_disaster.json","destroyed","1","6","1"
"hold","hurricane-matthew","hurricane-matthew_00000300","D:\JupyterProject\storage\tiles\geotiffs\hold\images\hurricane-matthew_00000300_pre_disaster.tif","D:\JupyterProject\storage\tiles\geotiffs\hold\images\hurricane-matthew_00000300_post_disaster.tif","D:\JupyterProject\storage\tiles\geotiffs\hold\labels\hurricane-matthew_00000300_pre_disaster.json","D:\JupyterProject\storage\tiles\geotiffs\hold\labels\hurricane-matthew_00000300_post_disaster.json","destroyed","1","14","2"
"hold","hurricane-matthew","hurricane-matthew_00000308","D:\JupyterProject\storage\tiles\geotiffs\hold\images\hurricane-matthew_00000308_pre_disaster.tif","D:\JupyterProject\storage\tiles\geotiffs\hold\images\hurricane-matthew_00000308_post_disaster.tif","D:\JupyterProject\storage\tiles\geotiffs\hold\labels\hurricane-matthew_00000308_pre_disaster.json","D:\JupyterProject\storage\tiles\geotiffs\hold\labels\hurricane-matthew_00000308_post_disaster.json","destroyed","1","31","2"
"hold","hurricane-matthew","hurricane-matthew_00000309","D:\JupyterProject\storage\tiles\geotiffs\hold\images\hurricane-matthew_00000309_pre_disaster.tif","D:\JupyterProject\storage\tiles\geotiffs\hold\images\hurricane-matthew_00000309_post_disaster.tif","D:\JupyterProject\storage\tiles\geotiffs\hold\labels\hurricane-matthew_00000309_pre_disaster.json","D:\JupyterProject\storage\tiles\geotiffs\hold\labels\hurricane-matthew_00000309_post_disaster.json","destroyed","1","18","0"
"hold","hurricane-matthew","hurricane-matthew_00000313","D:\JupyterProject\storage\tiles\geotiffs\hold\images\hurricane-matthew_00000313_pre_disaster.tif","D:\JupyterProject\storage\tiles\geotiffs\hold\images\hurricane-matthew_00000313_post_disaster.tif","D:\JupyterProject\storage\tiles\geotiffs\hold\labels\hurricane-matthew_00000313_pre_disaster.json","D:\JupyterProject\storage\tiles\geotiffs\hold\labels\hurricane-matthew_00000313_post_disaster.json","destroyed","1","88","17"
"hold","hurricane-matthew","hurricane-matthew_00000315","D:\JupyterProject\storage\tiles\geotiffs\hold\images\hurricane-matthew_00000315_pre_disaster.tif","D:\JupyterProject\storage\tiles\geotiffs\hold\images\hurricane-matthew_00000315_post_disaster.tif","D:\JupyterProject\storage\tiles\geotiffs\hold\labels\hurricane-matthew_00000315_pre_disaster.json","D:\JupyterProject\storage\tiles\geotiffs\hold\labels\hurricane-matthew_00000315_post_disaster.json","destroyed","1","20","4"
"hold","hurricane-matthew","hurricane-matthew_00000323","D:\JupyterProject\storage\tiles\geotiffs\hold\images\hurricane-matthew_00000323_pre_disaster.tif","D:\JupyterProject\storage\tiles\geotiffs\hold\images\hurricane-matthew_00000323_post_disaster.tif","D:\JupyterProject\storage\tiles\geotiffs\hold\labels\hurricane-matthew_00000323_pre_disaster.json","D:\JupyterProject\storage\tiles\geotiffs\hold\labels\hurricane-matthew_00000323_post_disaster.json","destroyed","1","6","3"
"hold","hurricane-matthew","hurricane-matthew_00000326","D:\JupyterProject\storage\tiles\geotiffs\hold\images\hurricane-matthew_00000326_pre_disaster.tif","D:\JupyterProject\storage\tiles\geotiffs\hold\images\hurricane-matthew_00000326_post_disaster.tif","D:\JupyterProject\storage\tiles\geotiffs\hold\labels\hurricane-matthew_00000326_pre_disaster.json","D:\JupyterProject\storage\tiles\geotiffs\hold\labels\hurricane-matthew_00000326_post_disaster.json","destroyed","1","5","0"
"hold","hurricane-matthew","hurricane-matthew_00000327","D:\JupyterProject\storage\tiles\geotiffs\hold\images\hurricane-matthew_00000327_pre_disaster.tif","D:\JupyterProject\storage\tiles\geotiffs\hold\images\hurricane-matthew_00000327_post_disaster.tif","D:\JupyterProject\storage\tiles\geotiffs\hold\labels\hurricane-matthew_00000327_pre_disaster.json","D:\JupyterProject\storage\tiles\geotiffs\hold\labels\hurricane-matthew_00000327_post_disaster.json","destroyed","1","29","9"
"hold","hurricane-matthew","hurricane-matthew_00000330","D:\JupyterProject\storage\tiles\geotiffs\hold\images\hurricane-matthew_00000330_pre_disaster.tif","D:\JupyterProject\storage\tiles\geotiffs\hold\images\hurricane-matthew_00000330_post_disaster.tif","D:\JupyterProject\storage\tiles\geotiffs\hold\labels\hurricane-matthew_00000330_pre_disaster.json","D:\JupyterProject\storage\tiles\geotiffs\hold\labels\hurricane-matthew_00000330_post_disaster.json","major-damage","1","3","7"
"hold","hurricane-matthew","hurricane-matthew_00000333","D:\JupyterProject\storage\tiles\geotiffs\hold\images\hurricane-matthew_00000333_pre_disaster.tif","D:\JupyterProject\storage\tiles\geotiffs\hold\images\hurricane-matthew_00000333_post_disaster.tif","D:\JupyterProject\storage\tiles\geotiffs\hold\labels\hurricane-matthew_00000333_pre_disaster.json","D:\JupyterProject\storage\tiles\geotiffs\hold\labels\hurricane-matthew_00000333_post_disaster.json","destroyed","1","6","4"
"hold","hurricane-matthew","hurricane-matthew_00000339","D:\JupyterProject\storage\tiles\geotiffs\hold\images\hurricane-matthew_00000339_pre_disaster.tif","D:\JupyterProject\storage\tiles\geotiffs\hold\images\hurricane-matthew_00000339_post_disaster.tif","D:\JupyterProject\storage\tiles\geotiffs\hold\labels\hurricane-matthew_00000339_pre_disaster.json","D:\JupyterProject\storage\tiles\geotiffs\hold\labels\hurricane-matthew_00000339_post_disaster.json","destroyed","1","25","0"
"hold","hurricane-matthew","hurricane-matthew_00000342","D:\JupyterProject\storage\tiles\geotiffs\hold\images\hurricane-matthew_00000342_pre_disaster.tif","D:\JupyterProject\storage\tiles\geotiffs\hold\images\hurricane-matthew_00000342_post_disaster.tif","D:\JupyterProject\storage\tiles\geotiffs\hold\labels\hurricane-matthew_00000342_pre_disaster.json","D:\JupyterProject\storage\tiles\geotiffs\hold\labels\hurricane-matthew_00000342_post_disaster.json","destroyed","1","10","1"
"hold","hurricane-matthew","hurricane-matthew_00000344","D:\JupyterProject\storage\tiles\geotiffs\hold\images\hurricane-matthew_00000344_pre_disaster.tif","D:\JupyterProject\storage\tiles\geotiffs\hold\images\hurricane-matthew_00000344_post_disaster.tif","D:\JupyterProject\storage\tiles\geotiffs\hold\labels\hurricane-matthew_00000344_pre_disaster.json","D:\JupyterProject\storage\tiles\geotiffs\hold\labels\hurricane-matthew_00000344_post_disaster.json","destroyed","1","20","2"
"hold","hurricane-matthew","hurricane-matthew_00000351","D:\JupyterProject\storage\tiles\geotiffs\hold\images\hurricane-matthew_00000351_pre_disaster.tif","D:\JupyterProject\storage\tiles\geotiffs\hold\images\hurricane-matthew_00000351_post_disaster.tif","D:\JupyterProject\storage\tiles\geotiffs\hold\labels\hurricane-matthew_00000351_pre_disaster.json","D:\JupyterProject\storage\tiles\geotiffs\hold\labels\hurricane-matthew_00000351_post_disaster.json","destroyed","1","379","0"
"hold","hurricane-matthew","hurricane-matthew_00000356","D:\JupyterProject\storage\tiles\geotiffs\hold\images\hurricane-matthew_00000356_pre_disaster.tif","D:\JupyterProject\storage\tiles\geotiffs\hold\images\hurricane-matthew_00000356_post_disaster.tif","D:\JupyterProject\storage\tiles\geotiffs\hold\labels\hurricane-matthew_00000356_pre_disaster.json","D:\JupyterProject\storage\tiles\geotiffs\hold\labels\hurricane-matthew_00000356_post_disaster.json","no-damage","0","0","0"
"hold","hurricane-matthew","hurricane-matthew_00000357","D:\JupyterProject\storage\tiles\geotiffs\hold\images\hurricane-matthew_00000357_pre_disaster.tif","D:\JupyterProject\storage\tiles\geotiffs\hold\images\hurricane-matthew_00000357_post_disaster.tif","D:\JupyterProject\storage\tiles\geotiffs\hold\labels\hurricane-matthew_00000357_pre_disaster.json","D:\JupyterProject\storage\tiles\geotiffs\hold\labels\hurricane-matthew_00000357_post_disaster.json","destroyed","1","13","0"
"hold","hurricane-matthew","hurricane-matthew_00000359","D:\JupyterProject\storage\tiles\geotiffs\hold\images\hurricane-matthew_00000359_pre_disaster.tif","D:\JupyterProject\storage\tiles\geotiffs\hold\images\hurricane-matthew_00000359_post_disaster.tif","D:\JupyterProject\storage\tiles\geotiffs\hold\labels\hurricane-matthew_00000359_pre_disaster.json","D:\JupyterProject\storage\tiles\geotiffs\hold\labels\hurricane-matthew_00000359_post_disaster.json","destroyed","1","12","2"
"hold","hurricane-matthew","hurricane-matthew_00000371","D:\JupyterProject\storage\tiles\geotiffs\hold\images\hurricane-matthew_00000371_pre_disaster.tif","D:\JupyterProject\storage\tiles\geotiffs\hold\images\hurricane-matthew_00000371_post_disaster.tif","D:\JupyterProject\storage\tiles\geotiffs\hold\labels\hurricane-matthew_00000371_pre_disaster.json","D:\JupyterProject\storage\tiles\geotiffs\hold\labels\hurricane-matthew_00000371_post_disaster.json","destroyed","1","13","11"
"hold","hurricane-matthew","hurricane-matthew_00000374","D:\JupyterProject\storage\tiles\geotiffs\hold\images\hurricane-matthew_00000374_pre_disaster.tif","D:\JupyterProject\storage\tiles\geotiffs\hold\images\hurricane-matthew_00000374_post_disaster.tif","D:\JupyterProject\storage\tiles\geotiffs\hold\labels\hurricane-matthew_00000374_pre_disaster.json","D:\JupyterProject\storage\tiles\geotiffs\hold\labels\hurricane-matthew_00000374_post_disaster.json","destroyed","1","18","0"
"hold","hurricane-matthew","hurricane-matthew_00000377","D:\JupyterProject\storage\tiles\geotiffs\hold\images\hurricane-matthew_00000377_pre_disaster.tif","D:\JupyterProject\storage\tiles\geotiffs\hold\images\hurricane-matthew_00000377_post_disaster.tif","D:\JupyterProject\storage\tiles\geotiffs\hold\labels\hurricane-matthew_00000377_pre_disaster.json","D:\JupyterProject\storage\tiles\geotiffs\hold\labels\hurricane-matthew_00000377_post_disaster.json","destroyed","1","12","3"
"hold","hurricane-matthew","hurricane-matthew_00000386","D:\JupyterProject\storage\tiles\geotiffs\hold\images\hurricane-matthew_00000386_pre_disaster.tif","D:\JupyterProject\storage\tiles\geotiffs\hold\images\hurricane-matthew_00000386_post_disaster.tif","D:\JupyterProject\storage\tiles\geotiffs\hold\labels\hurricane-matthew_00000386_pre_disaster.json","D:\JupyterProject\storage\tiles\geotiffs\hold\labels\hurricane-matthew_00000386_post_disaster.json","no-damage","0","0","0"
"hold","hurricane-matthew","hurricane-matthew_00000389","D:\JupyterProject\storage\tiles\geotiffs\hold\images\hurricane-matthew_00000389_pre_disaster.tif","D:\JupyterProject\storage\tiles\geotiffs\hold\images\hurricane-matthew_00000389_post_disaster.tif","D:\JupyterProject\storage\tiles\geotiffs\hold\labels\hurricane-matthew_00000389_pre_disaster.json","D:\JupyterProject\storage\tiles\geotiffs\hold\labels\hurricane-matthew_00000389_post_disaster.json","no-damage","0","0","0"
"hold","hurricane-matthew","hurricane-matthew_00000391","D:\JupyterProject\storage\tiles\geotiffs\hold\images\hurricane-matthew_00000391_pre_disaster.tif","D:\JupyterProject\storage\tiles\geotiffs\hold\images\hurricane-matthew_00000391_post_disaster.tif","D:\JupyterProject\storage\tiles\geotiffs\hold\labels\hurricane-matthew_00000391_pre_disaster.json","D:\JupyterProject\storage\tiles\geotiffs\hold\labels\hurricane-matthew_00000391_post_disaster.json","destroyed","1","3","0"
"hold","hurricane-matthew","hurricane-matthew_00000403","D:\JupyterProject\storage\tiles\geotiffs\hold\images\hurricane-matthew_00000403_pre_disaster.tif","D:\JupyterProject\storage\tiles\geotiffs\hold\images\hurricane-matthew_00000403_post_disaster.tif","D:\JupyterProject\storage\tiles\geotiffs\hold\labels\hurricane-matthew_00000403_pre_disaster.json","D:\JupyterProject\storage\tiles\geotiffs\hold\labels\hurricane-matthew_00000403_post_disaster.json","destroyed","1","18","0"
"hold","hurricane-matthew","hurricane-matthew_00000404","D:\JupyterProject\storage\tiles\geotiffs\hold\images\hurricane-matthew_00000404_pre_disaster.tif","D:\JupyterProject\storage\tiles\geotiffs\hold\images\hurricane-matthew_00000404_post_disaster.tif","D:\JupyterProject\storage\tiles\geotiffs\hold\labels\hurricane-matthew_00000404_pre_disaster.json","D:\JupyterProject\storage\tiles\geotiffs\hold\labels\hurricane-matthew_00000404_post_disaster.json","no-damage","0","0","0"
"hold","mexico-earthquake","mexico-earthquake_00000014","D:\JupyterProject\storage\tiles\geotiffs\hold\images\mexico-earthquake_00000014_pre_disaster.tif","D:\JupyterProject\storage\tiles\geotiffs\hold\images\mexico-earthquake_00000014_post_disaster.tif","D:\JupyterProject\storage\tiles\geotiffs\hold\labels\mexico-earthquake_00000014_pre_disaster.json","D:\JupyterProject\storage\tiles\geotiffs\hold\labels\mexico-earthquake_00000014_post_disaster.json","no-damage","0","199","0"
"hold","mexico-earthquake","mexico-earthquake_00000016","D:\JupyterProject\storage\tiles\geotiffs\hold\images\mexico-earthquake_00000016_pre_disaster.tif","D:\JupyterProject\storage\tiles\geotiffs\hold\images\mexico-earthquake_00000016_post_disaster.tif","D:\JupyterProject\storage\tiles\geotiffs\hold\labels\mexico-earthquake_00000016_pre_disaster.json","D:\JupyterProject\storage\tiles\geotiffs\hold\labels\mexico-earthquake_00000016_post_disaster.json","no-damage","0","56","0"
"hold","mexico-earthquake","mexico-earthquake_00000026","D:\JupyterProject\storage\tiles\geotiffs\hold\images\mexico-earthquake_00000026_pre_disaster.tif","D:\JupyterProject\storage\tiles\geotiffs\hold\images\mexico-earthquake_00000026_post_disaster.tif","D:\JupyterProject\storage\tiles\geotiffs\hold\labels\mexico-earthquake_00000026_pre_disaster.json","D:\JupyterProject\storage\tiles\geotiffs\hold\labels\mexico-earthquake_00000026_post_disaster.json","no-damage","0","154","0"
"hold","mexico-earthquake","mexico-earthquake_00000036","D:\JupyterProject\storage\tiles\geotiffs\hold\images\mexico-earthquake_00000036_pre_disaster.tif","D:\JupyterProject\storage\tiles\geotiffs\hold\images\mexico-earthquake_00000036_post_disaster.tif","D:\JupyterProject\storage\tiles\geotiffs\hold\labels\mexico-earthquake_00000036_pre_disaster.json","D:\JupyterProject\storage\tiles\geotiffs\hold\labels\mexico-earthquake_00000036_post_disaster.json","no-damage","0","508","0"
"hold","mexico-earthquake","mexico-earthquake_00000038","D:\JupyterProject\storage\tiles\geotiffs\hold\images\mexico-earthquake_00000038_pre_disaster.tif","D:\JupyterProject\storage\tiles\geotiffs\hold\images\mexico-earthquake_00000038_post_disaster.tif","D:\JupyterProject\storage\tiles\geotiffs\hold\labels\mexico-earthquake_00000038_pre_disaster.json","D:\JupyterProject\storage\tiles\geotiffs\hold\labels\mexico-earthquake_00000038_post_disaster.json","no-damage","0","484","17"
"hold","mexico-earthquake","mexico-earthquake_00000045","D:\JupyterProject\storage\tiles\geotiffs\hold\images\mexico-earthquake_00000045_pre_disaster.tif","D:\JupyterProject\storage\tiles\geotiffs\hold\images\mexico-earthquake_00000045_post_disaster.tif","D:\JupyterProject\storage\tiles\geotiffs\hold\labels\mexico-earthquake_00000045_pre_disaster.json","D:\JupyterProject\storage\tiles\geotiffs\hold\labels\mexico-earthquake_00000045_post_disaster.json","no-damage","0","227","0"
"hold","mexico-earthquake","mexico-earthquake_00000050","D:\JupyterProject\storage\tiles\geotiffs\hold\images\mexico-earthquake_00000050_pre_disaster.tif","D:\JupyterProject\storage\tiles\geotiffs\hold\images\mexico-earthquake_00000050_post_disaster.tif","D:\JupyterProject\storage\tiles\geotiffs\hold\labels\mexico-earthquake_00000050_pre_disaster.json","D:\JupyterProject\storage\tiles\geotiffs\hold\labels\mexico-earthquake_00000050_post_disaster.json","no-damage","0","491","0"
"hold","mexico-earthquake","mexico-earthquake_00000051","D:\JupyterProject\storage\tiles\geotiffs\hold\images\mexico-earthquake_00000051_pre_disaster.tif","D:\JupyterProject\storage\tiles\geotiffs\hold\images\mexico-earthquake_00000051_post_disaster.tif","D:\JupyterProject\storage\tiles\geotiffs\hold\labels\mexico-earthquake_00000051_pre_disaster.json","D:\JupyterProject\storage\tiles\geotiffs\hold\labels\mexico-earthquake_00000051_post_disaster.json","no-damage","0","143","0"
"hold","mexico-earthquake","mexico-earthquake_00000054","D:\JupyterProject\storage\tiles\geotiffs\hold\images\mexico-earthquake_00000054_pre_disaster.tif","D:\JupyterProject\storage\tiles\geotiffs\hold\images\mexico-earthquake_00000054_post_disaster.tif","D:\JupyterProject\storage\tiles\geotiffs\hold\labels\mexico-earthquake_00000054_pre_disaster.json","D:\JupyterProject\storage\tiles\geotiffs\hold\labels\mexico-earthquake_00000054_post_disaster.json","no-damage","0","109","0"
"hold","mexico-earthquake","mexico-earthquake_00000056","D:\JupyterProject\storage\tiles\geotiffs\hold\images\mexico-earthquake_00000056_pre_disaster.tif","D:\JupyterProject\storage\tiles\geotiffs\hold\images\mexico-earthquake_00000056_post_disaster.tif","D:\JupyterProject\storage\tiles\geotiffs\hold\labels\mexico-earthquake_00000056_pre_disaster.json","D:\JupyterProject\storage\tiles\geotiffs\hold\labels\mexico-earthquake_00000056_post_disaster.json","no-damage","0","133","0"
"hold","mexico-earthquake","mexico-earthquake_00000060","D:\JupyterProject\storage\tiles\geotiffs\hold\images\mexico-earthquake_00000060_pre_disaster.tif","D:\JupyterProject\storage\tiles\geotiffs\hold\images\mexico-earthquake_00000060_post_disaster.tif","D:\JupyterProject\storage\tiles\geotiffs\hold\labels\mexico-earthquake_00000060_pre_disaster.json","D:\JupyterProject\storage\tiles\geotiffs\hold\labels\mexico-earthquake_00000060_post_disaster.json","minor-damage","0","169","0"
"hold","mexico-earthquake","mexico-earthquake_00000062","D:\JupyterProject\storage\tiles\geotiffs\hold\images\mexico-earthquake_00000062_pre_disaster.tif","D:\JupyterProject\storage\tiles\geotiffs\hold\images\mexico-earthquake_00000062_post_disaster.tif","D:\JupyterProject\storage\tiles\geotiffs\hold\labels\mexico-earthquake_00000062_pre_disaster.json","D:\JupyterProject\storage\tiles\geotiffs\hold\labels\mexico-earthquake_00000062_post_disaster.json","minor-damage","0","71","0"
"hold","mexico-earthquake","mexico-earthquake_00000071","D:\JupyterProject\storage\tiles\geotiffs\hold\images\mexico-earthquake_00000071_pre_disaster.tif","D:\JupyterProject\storage\tiles\geotiffs\hold\images\mexico-earthquake_00000071_post_disaster.tif","D:\JupyterProject\storage\tiles\geotiffs\hold\labels\mexico-earthquake_00000071_pre_disaster.json","D:\JupyterProject\storage\tiles\geotiffs\hold\labels\mexico-earthquake_00000071_post_disaster.json","no-damage","0","111","0"
"hold","mexico-earthquake","mexico-earthquake_00000073","D:\JupyterProject\storage\tiles\geotiffs\hold\images\mexico-earthquake_00000073_pre_disaster.tif","D:\JupyterProject\storage\tiles\geotiffs\hold\images\mexico-earthquake_00000073_post_disaster.tif","D:\JupyterProject\storage\tiles\geotiffs\hold\labels\mexico-earthquake_00000073_pre_disaster.json","D:\JupyterProject\storage\tiles\geotiffs\hold\labels\mexico-earthquake_00000073_post_disaster.json","major-damage","1","147","0"
"hold","mexico-earthquake","mexico-earthquake_00000077","D:\JupyterProject\storage\tiles\geotiffs\hold\images\mexico-earthquake_00000077_pre_disaster.tif","D:\JupyterProject\storage\tiles\geotiffs\hold\images\mexico-earthquake_00000077_post_disaster.tif","D:\JupyterProject\storage\tiles\geotiffs\hold\labels\mexico-earthquake_00000077_pre_disaster.json","D:\JupyterProject\storage\tiles\geotiffs\hold\labels\mexico-earthquake_00000077_post_disaster.json","no-damage","0","249","0"
"hold","mexico-earthquake","mexico-earthquake_00000081","D:\JupyterProject\storage\tiles\geotiffs\hold\images\mexico-earthquake_00000081_pre_disaster.tif","D:\JupyterProject\storage\tiles\geotiffs\hold\images\mexico-earthquake_00000081_post_disaster.tif","D:\JupyterProject\storage\tiles\geotiffs\hold\labels\mexico-earthquake_00000081_pre_disaster.json","D:\JupyterProject\storage\tiles\geotiffs\hold\labels\mexico-earthquake_00000081_post_disaster.json","major-damage","1","277","0"
"hold","mexico-earthquake","mexico-earthquake_00000091","D:\JupyterProject\storage\tiles\geotiffs\hold\images\mexico-earthquake_00000091_pre_disaster.tif","D:\JupyterProject\storage\tiles\geotiffs\hold\images\mexico-earthquake_00000091_post_disaster.tif","D:\JupyterProject\storage\tiles\geotiffs\hold\labels\mexico-earthquake_00000091_pre_disaster.json","D:\JupyterProject\storage\tiles\geotiffs\hold\labels\mexico-earthquake_00000091_post_disaster.json","minor-damage","0","172","0"
"hold","mexico-earthquake","mexico-earthquake_00000097","D:\JupyterProject\storage\tiles\geotiffs\hold\images\mexico-earthquake_00000097_pre_disaster.tif","D:\JupyterProject\storage\tiles\geotiffs\hold\images\mexico-earthquake_00000097_post_disaster.tif","D:\JupyterProject\storage\tiles\geotiffs\hold\labels\mexico-earthquake_00000097_pre_disaster.json","D:\JupyterProject\storage\tiles\geotiffs\hold\labels\mexico-earthquake_00000097_post_disaster.json","no-damage","0","273","0"
"hold","mexico-earthquake","mexico-earthquake_00000099","D:\JupyterProject\storage\tiles\geotiffs\hold\images\mexico-earthquake_00000099_pre_disaster.tif","D:\JupyterProject\storage\tiles\geotiffs\hold\images\mexico-earthquake_00000099_post_disaster.tif","D:\JupyterProject\storage\tiles\geotiffs\hold\labels\mexico-earthquake_00000099_pre_disaster.json","D:\JupyterProject\storage\tiles\geotiffs\hold\labels\mexico-earthquake_00000099_post_disaster.json","no-damage","0","3","0"
"hold","mexico-earthquake","mexico-earthquake_00000116","D:\JupyterProject\storage\tiles\geotiffs\hold\images\mexico-earthquake_00000116_pre_disaster.tif","D:\JupyterProject\storage\tiles\geotiffs\hold\images\mexico-earthquake_00000116_post_disaster.tif","D:\JupyterProject\storage\tiles\geotiffs\hold\labels\mexico-earthquake_00000116_pre_disaster.json","D:\JupyterProject\storage\tiles\geotiffs\hold\labels\mexico-earthquake_00000116_post_disaster.json","minor-damage","0","237","0"
"hold","mexico-earthquake","mexico-earthquake_00000123","D:\JupyterProject\storage\tiles\geotiffs\hold\images\mexico-earthquake_00000123_pre_disaster.tif","D:\JupyterProject\storage\tiles\geotiffs\hold\images\mexico-earthquake_00000123_post_disaster.tif","D:\JupyterProject\storage\tiles\geotiffs\hold\labels\mexico-earthquake_00000123_pre_disaster.json","D:\JupyterProject\storage\tiles\geotiffs\hold\labels\mexico-earthquake_00000123_post_disaster.json","no-damage","0","405","0"
"hold","mexico-earthquake","mexico-earthquake_00000130","D:\JupyterProject\storage\tiles\geotiffs\hold\images\mexico-earthquake_00000130_pre_disaster.tif","D:\JupyterProject\storage\tiles\geotiffs\hold\images\mexico-earthquake_00000130_post_disaster.tif","D:\JupyterProject\storage\tiles\geotiffs\hold\labels\mexico-earthquake_00000130_pre_disaster.json","D:\JupyterProject\storage\tiles\geotiffs\hold\labels\mexico-earthquake_00000130_post_disaster.json","no-damage","0","301","0"
"hold","mexico-earthquake","mexico-earthquake_00000133","D:\JupyterProject\storage\tiles\geotiffs\hold\images\mexico-earthquake_00000133_pre_disaster.tif","D:\JupyterProject\storage\tiles\geotiffs\hold\images\mexico-earthquake_00000133_post_disaster.tif","D:\JupyterProject\storage\tiles\geotiffs\hold\labels\mexico-earthquake_00000133_pre_disaster.json","D:\JupyterProject\storage\tiles\geotiffs\hold\labels\mexico-earthquake_00000133_post_disaster.json","no-damage","0","180","0"
"hold","mexico-earthquake","mexico-earthquake_00000134","D:\JupyterProject\storage\tiles\geotiffs\hold\images\mexico-earthquake_00000134_pre_disaster.tif","D:\JupyterProject\storage\tiles\geotiffs\hold\images\mexico-earthquake_00000134_post_disaster.tif","D:\JupyterProject\storage\tiles\geotiffs\hold\labels\mexico-earthquake_00000134_pre_disaster.json","D:\JupyterProject\storage\tiles\geotiffs\hold\labels\mexico-earthquake_00000134_post_disaster.json","no-damage","0","184","0"
"hold","mexico-earthquake","mexico-earthquake_00000137","D:\JupyterProject\storage\tiles\geotiffs\hold\images\mexico-earthquake_00000137_pre_disaster.tif","D:\JupyterProject\storage\tiles\geotiffs\hold\images\mexico-earthquake_00000137_post_disaster.tif","D:\JupyterProject\storage\tiles\geotiffs\hold\labels\mexico-earthquake_00000137_pre_disaster.json","D:\JupyterProject\storage\tiles\geotiffs\hold\labels\mexico-earthquake_00000137_post_disaster.json","no-damage","0","60","0"
"hold","mexico-earthquake","mexico-earthquake_00000145","D:\JupyterProject\storage\tiles\geotiffs\hold\images\mexico-earthquake_00000145_pre_disaster.tif","D:\JupyterProject\storage\tiles\geotiffs\hold\images\mexico-earthquake_00000145_post_disaster.tif","D:\JupyterProject\storage\tiles\geotiffs\hold\labels\mexico-earthquake_00000145_pre_disaster.json","D:\JupyterProject\storage\tiles\geotiffs\hold\labels\mexico-earthquake_00000145_post_disaster.json","major-damage","1","39","4"
"hold","mexico-earthquake","mexico-earthquake_00000147","D:\JupyterProject\storage\tiles\geotiffs\hold\images\mexico-earthquake_00000147_pre_disaster.tif","D:\JupyterProject\storage\tiles\geotiffs\hold\images\mexico-earthquake_00000147_post_disaster.tif","D:\JupyterProject\storage\tiles\geotiffs\hold\labels\mexico-earthquake_00000147_pre_disaster.json","D:\JupyterProject\storage\tiles\geotiffs\hold\labels\mexico-earthquake_00000147_post_disaster.json","no-damage","0","554","0"
"hold","mexico-earthquake","mexico-earthquake_00000149","D:\JupyterProject\storage\tiles\geotiffs\hold\images\mexico-earthquake_00000149_pre_disaster.tif","D:\JupyterProject\storage\tiles\geotiffs\hold\images\mexico-earthquake_00000149_post_disaster.tif","D:\JupyterProject\storage\tiles\geotiffs\hold\labels\mexico-earthquake_00000149_pre_disaster.json","D:\JupyterProject\storage\tiles\geotiffs\hold\labels\mexico-earthquake_00000149_post_disaster.json","no-damage","0","68","0"
"hold","mexico-earthquake","mexico-earthquake_00000156","D:\JupyterProject\storage\tiles\geotiffs\hold\images\mexico-earthquake_00000156_pre_disaster.tif","D:\JupyterProject\storage\tiles\geotiffs\hold\images\mexico-earthquake_00000156_post_disaster.tif","D:\JupyterProject\storage\tiles\geotiffs\hold\labels\mexico-earthquake_00000156_pre_disaster.json","D:\JupyterProject\storage\tiles\geotiffs\hold\labels\mexico-earthquake_00000156_post_disaster.json","no-damage","0","172","0"
"hold","mexico-earthquake","mexico-earthquake_00000162","D:\JupyterProject\storage\tiles\geotiffs\hold\images\mexico-earthquake_00000162_pre_disaster.tif","D:\JupyterProject\storage\tiles\geotiffs\hold\images\mexico-earthquake_00000162_post_disaster.tif","D:\JupyterProject\storage\tiles\geotiffs\hold\labels\mexico-earthquake_00000162_pre_disaster.json","D:\JupyterProject\storage\tiles\geotiffs\hold\labels\mexico-earthquake_00000162_post_disaster.json","major-damage","1","699","0"
"hold","mexico-earthquake","mexico-earthquake_00000165","D:\JupyterProject\storage\tiles\geotiffs\hold\images\mexico-earthquake_00000165_pre_disaster.tif","D:\JupyterProject\storage\tiles\geotiffs\hold\images\mexico-earthquake_00000165_post_disaster.tif","D:\JupyterProject\storage\tiles\geotiffs\hold\labels\mexico-earthquake_00000165_pre_disaster.json","D:\JupyterProject\storage\tiles\geotiffs\hold\labels\mexico-earthquake_00000165_post_disaster.json","no-damage","0","9","0"
"hold","mexico-earthquake","mexico-earthquake_00000167","D:\JupyterProject\storage\tiles\geotiffs\hold\images\mexico-earthquake_00000167_pre_disaster.tif","D:\JupyterProject\storage\tiles\geotiffs\hold\images\mexico-earthquake_00000167_post_disaster.tif","D:\JupyterProject\storage\tiles\geotiffs\hold\labels\mexico-earthquake_00000167_pre_disaster.json","D:\JupyterProject\storage\tiles\geotiffs\hold\labels\mexico-earthquake_00000167_post_disaster.json","no-damage","0","859","0"
"hold","mexico-earthquake","mexico-earthquake_00000170","D:\JupyterProject\storage\tiles\geotiffs\hold\images\mexico-earthquake_00000170_pre_disaster.tif","D:\JupyterProject\storage\tiles\geotiffs\hold\images\mexico-earthquake_00000170_post_disaster.tif","D:\JupyterProject\storage\tiles\geotiffs\hold\labels\mexico-earthquake_00000170_pre_disaster.json","D:\JupyterProject\storage\tiles\geotiffs\hold\labels\mexico-earthquake_00000170_post_disaster.json","no-damage","0","18","0"
"hold","mexico-earthquake","mexico-earthquake_00000175","D:\JupyterProject\storage\tiles\geotiffs\hold\images\mexico-earthquake_00000175_pre_disaster.tif","D:\JupyterProject\storage\tiles\geotiffs\hold\images\mexico-earthquake_00000175_post_disaster.tif","D:\JupyterProject\storage\tiles\geotiffs\hold\labels\mexico-earthquake_00000175_pre_disaster.json","D:\JupyterProject\storage\tiles\geotiffs\hold\labels\mexico-earthquake_00000175_post_disaster.json","no-damage","0","5","4"
"hold","midwest-flooding","midwest-flooding_00000009","D:\JupyterProject\storage\tiles\geotiffs\hold\images\midwest-flooding_00000009_pre_disaster.tif","D:\JupyterProject\storage\tiles\geotiffs\hold\images\midwest-flooding_00000009_post_disaster.tif","D:\JupyterProject\storage\tiles\geotiffs\hold\labels\midwest-flooding_00000009_pre_disaster.json","D:\JupyterProject\storage\tiles\geotiffs\hold\labels\midwest-flooding_00000009_post_disaster.json","no-damage","0","85","1"
"hold","midwest-flooding","midwest-flooding_00000015","D:\JupyterProject\storage\tiles\geotiffs\hold\images\midwest-flooding_00000015_pre_disaster.tif","D:\JupyterProject\storage\tiles\geotiffs\hold\images\midwest-flooding_00000015_post_disaster.tif","D:\JupyterProject\storage\tiles\geotiffs\hold\labels\midwest-flooding_00000015_pre_disaster.json","D:\JupyterProject\storage\tiles\geotiffs\hold\labels\midwest-flooding_00000015_post_disaster.json","destroyed","1","13","0"
"hold","midwest-flooding","midwest-flooding_00000034","D:\JupyterProject\storage\tiles\geotiffs\hold\images\midwest-flooding_00000034_pre_disaster.tif","D:\JupyterProject\storage\tiles\geotiffs\hold\images\midwest-flooding_00000034_post_disaster.tif","D:\JupyterProject\storage\tiles\geotiffs\hold\labels\midwest-flooding_00000034_pre_disaster.json","D:\JupyterProject\storage\tiles\geotiffs\hold\labels\midwest-flooding_00000034_post_disaster.json","destroyed","1","3","0"
"hold","midwest-flooding","midwest-flooding_00000037","D:\JupyterProject\storage\tiles\geotiffs\hold\images\midwest-flooding_00000037_pre_disaster.tif","D:\JupyterProject\storage\tiles\geotiffs\hold\images\midwest-flooding_00000037_post_disaster.tif","D:\JupyterProject\storage\tiles\geotiffs\hold\labels\midwest-flooding_00000037_pre_disaster.json","D:\JupyterProject\storage\tiles\geotiffs\hold\labels\midwest-flooding_00000037_post_disaster.json","no-damage","0","218","7"
"hold","midwest-flooding","midwest-flooding_00000042","D:\JupyterProject\storage\tiles\geotiffs\hold\images\midwest-flooding_00000042_pre_disaster.tif","D:\JupyterProject\storage\tiles\geotiffs\hold\images\midwest-flooding_00000042_post_disaster.tif","D:\JupyterProject\storage\tiles\geotiffs\hold\labels\midwest-flooding_00000042_pre_disaster.json","D:\JupyterProject\storage\tiles\geotiffs\hold\labels\midwest-flooding_00000042_post_disaster.json","no-damage","0","15","0"
"hold","midwest-flooding","midwest-flooding_00000045","D:\JupyterProject\storage\tiles\geotiffs\hold\images\midwest-flooding_00000045_pre_disaster.tif","D:\JupyterProject\storage\tiles\geotiffs\hold\images\midwest-flooding_00000045_post_disaster.tif","D:\JupyterProject\storage\tiles\geotiffs\hold\labels\midwest-flooding_00000045_pre_disaster.json","D:\JupyterProject\storage\tiles\geotiffs\hold\labels\midwest-flooding_00000045_post_disaster.json","no-damage","0","280","0"
"hold","midwest-flooding","midwest-flooding_00000046","D:\JupyterProject\storage\tiles\geotiffs\hold\images\midwest-flooding_00000046_pre_disaster.tif","D:\JupyterProject\storage\tiles\geotiffs\hold\images\midwest-flooding_00000046_post_disaster.tif","D:\JupyterProject\storage\tiles\geotiffs\hold\labels\midwest-flooding_00000046_pre_disaster.json","D:\JupyterProject\storage\tiles\geotiffs\hold\labels\midwest-flooding_00000046_post_disaster.json","minor-damage","0","86","7"
"hold","midwest-flooding","midwest-flooding_00000051","D:\JupyterProject\storage\tiles\geotiffs\hold\images\midwest-flooding_00000051_pre_disaster.tif","D:\JupyterProject\storage\tiles\geotiffs\hold\images\midwest-flooding_00000051_post_disaster.tif","D:\JupyterProject\storage\tiles\geotiffs\hold\labels\midwest-flooding_00000051_pre_disaster.json","D:\JupyterProject\storage\tiles\geotiffs\hold\labels\midwest-flooding_00000051_post_disaster.json","no-damage","0","229","0"
"hold","midwest-flooding","midwest-flooding_00000052","D:\JupyterProject\storage\tiles\geotiffs\hold\images\midwest-flooding_00000052_pre_disaster.tif","D:\JupyterProject\storage\tiles\geotiffs\hold\images\midwest-flooding_00000052_post_disaster.tif","D:\JupyterProject\storage\tiles\geotiffs\hold\labels\midwest-flooding_00000052_pre_disaster.json","D:\JupyterProject\storage\tiles\geotiffs\hold\labels\midwest-flooding_00000052_post_disaster.json","no-damage","0","151","0"
"hold","midwest-flooding","midwest-flooding_00000053","D:\JupyterProject\storage\tiles\geotiffs\hold\images\midwest-flooding_00000053_pre_disaster.tif","D:\JupyterProject\storage\tiles\geotiffs\hold\images\midwest-flooding_00000053_post_disaster.tif","D:\JupyterProject\storage\tiles\geotiffs\hold\labels\midwest-flooding_00000053_pre_disaster.json","D:\JupyterProject\storage\tiles\geotiffs\hold\labels\midwest-flooding_00000053_post_disaster.json","no-damage","0","184","0"
"hold","midwest-flooding","midwest-flooding_00000055","D:\JupyterProject\storage\tiles\geotiffs\hold\images\midwest-flooding_00000055_pre_disaster.tif","D:\JupyterProject\storage\tiles\geotiffs\hold\images\midwest-flooding_00000055_post_disaster.tif","D:\JupyterProject\storage\tiles\geotiffs\hold\labels\midwest-flooding_00000055_pre_disaster.json","D:\JupyterProject\storage\tiles\geotiffs\hold\labels\midwest-flooding_00000055_post_disaster.json","no-damage","0","58","0"
"hold","midwest-flooding","midwest-flooding_00000057","D:\JupyterProject\storage\tiles\geotiffs\hold\images\midwest-flooding_00000057_pre_disaster.tif","D:\JupyterProject\storage\tiles\geotiffs\hold\images\midwest-flooding_00000057_post_disaster.tif","D:\JupyterProject\storage\tiles\geotiffs\hold\labels\midwest-flooding_00000057_pre_disaster.json","D:\JupyterProject\storage\tiles\geotiffs\hold\labels\midwest-flooding_00000057_post_disaster.json","no-damage","0","198","0"
"hold","midwest-flooding","midwest-flooding_00000069","D:\JupyterProject\storage\tiles\geotiffs\hold\images\midwest-flooding_00000069_pre_disaster.tif","D:\JupyterProject\storage\tiles\geotiffs\hold\images\midwest-flooding_00000069_post_disaster.tif","D:\JupyterProject\storage\tiles\geotiffs\hold\labels\midwest-flooding_00000069_pre_disaster.json","D:\JupyterProject\storage\tiles\geotiffs\hold\labels\midwest-flooding_00000069_post_disaster.json","no-damage","0","16","0"
"hold","midwest-flooding","midwest-flooding_00000080","D:\JupyterProject\storage\tiles\geotiffs\hold\images\midwest-flooding_00000080_pre_disaster.tif","D:\JupyterProject\storage\tiles\geotiffs\hold\images\midwest-flooding_00000080_post_disaster.tif","D:\JupyterProject\storage\tiles\geotiffs\hold\labels\midwest-flooding_00000080_pre_disaster.json","D:\JupyterProject\storage\tiles\geotiffs\hold\labels\midwest-flooding_00000080_post_disaster.json","no-damage","0","1","0"
"hold","midwest-flooding","midwest-flooding_00000089","D:\JupyterProject\storage\tiles\geotiffs\hold\images\midwest-flooding_00000089_pre_disaster.tif","D:\JupyterProject\storage\tiles\geotiffs\hold\images\midwest-flooding_00000089_post_disaster.tif","D:\JupyterProject\storage\tiles\geotiffs\hold\labels\midwest-flooding_00000089_pre_disaster.json","D:\JupyterProject\storage\tiles\geotiffs\hold\labels\midwest-flooding_00000089_post_disaster.json","no-damage","0","0","0"
"hold","midwest-flooding","midwest-flooding_00000091","D:\JupyterProject\storage\tiles\geotiffs\hold\images\midwest-flooding_00000091_pre_disaster.tif","D:\JupyterProject\storage\tiles\geotiffs\hold\images\midwest-flooding_00000091_post_disaster.tif","D:\JupyterProject\storage\tiles\geotiffs\hold\labels\midwest-flooding_00000091_pre_disaster.json","D:\JupyterProject\storage\tiles\geotiffs\hold\labels\midwest-flooding_00000091_post_disaster.json","no-damage","0","6","0"
"hold","midwest-flooding","midwest-flooding_00000094","D:\JupyterProject\storage\tiles\geotiffs\hold\images\midwest-flooding_00000094_pre_disaster.tif","D:\JupyterProject\storage\tiles\geotiffs\hold\images\midwest-flooding_00000094_post_disaster.tif","D:\JupyterProject\storage\tiles\geotiffs\hold\labels\midwest-flooding_00000094_pre_disaster.json","D:\JupyterProject\storage\tiles\geotiffs\hold\labels\midwest-flooding_00000094_post_disaster.json","no-damage","0","8","0"
"hold","midwest-flooding","midwest-flooding_00000097","D:\JupyterProject\storage\tiles\geotiffs\hold\images\midwest-flooding_00000097_pre_disaster.tif","D:\JupyterProject\storage\tiles\geotiffs\hold\images\midwest-flooding_00000097_post_disaster.tif","D:\JupyterProject\storage\tiles\geotiffs\hold\labels\midwest-flooding_00000097_pre_disaster.json","D:\JupyterProject\storage\tiles\geotiffs\hold\labels\midwest-flooding_00000097_post_disaster.json","no-damage","0","0","0"
"hold","midwest-flooding","midwest-flooding_00000098","D:\JupyterProject\storage\tiles\geotiffs\hold\images\midwest-flooding_00000098_pre_disaster.tif","D:\JupyterProject\storage\tiles\geotiffs\hold\images\midwest-flooding_00000098_post_disaster.tif","D:\JupyterProject\storage\tiles\geotiffs\hold\labels\midwest-flooding_00000098_pre_disaster.json","D:\JupyterProject\storage\tiles\geotiffs\hold\labels\midwest-flooding_00000098_post_disaster.json","no-damage","0","0","0"
"hold","midwest-flooding","midwest-flooding_00000101","D:\JupyterProject\storage\tiles\geotiffs\hold\images\midwest-flooding_00000101_pre_disaster.tif","D:\JupyterProject\storage\tiles\geotiffs\hold\images\midwest-flooding_00000101_post_disaster.tif","D:\JupyterProject\storage\tiles\geotiffs\hold\labels\midwest-flooding_00000101_pre_disaster.json","D:\JupyterProject\storage\tiles\geotiffs\hold\labels\midwest-flooding_00000101_post_disaster.json","no-damage","0","0","0"
"hold","midwest-flooding","midwest-flooding_00000106","D:\JupyterProject\storage\tiles\geotiffs\hold\images\midwest-flooding_00000106_pre_disaster.tif","D:\JupyterProject\storage\tiles\geotiffs\hold\images\midwest-flooding_00000106_post_disaster.tif","D:\JupyterProject\storage\tiles\geotiffs\hold\labels\midwest-flooding_00000106_pre_disaster.json","D:\JupyterProject\storage\tiles\geotiffs\hold\labels\midwest-flooding_00000106_post_disaster.json","no-damage","0","0","0"
"hold","midwest-flooding","midwest-flooding_00000111","D:\JupyterProject\storage\tiles\geotiffs\hold\images\midwest-flooding_00000111_pre_disaster.tif","D:\JupyterProject\storage\tiles\geotiffs\hold\images\midwest-flooding_00000111_post_disaster.tif","D:\JupyterProject\storage\tiles\geotiffs\hold\labels\midwest-flooding_00000111_pre_disaster.json","D:\JupyterProject\storage\tiles\geotiffs\hold\labels\midwest-flooding_00000111_post_disaster.json","no-damage","0","0","0"
"hold","midwest-flooding","midwest-flooding_00000118","D:\JupyterProject\storage\tiles\geotiffs\hold\images\midwest-flooding_00000118_pre_disaster.tif","D:\JupyterProject\storage\tiles\geotiffs\hold\images\midwest-flooding_00000118_post_disaster.tif","D:\JupyterProject\storage\tiles\geotiffs\hold\labels\midwest-flooding_00000118_pre_disaster.json","D:\JupyterProject\storage\tiles\geotiffs\hold\labels\midwest-flooding_00000118_post_disaster.json","no-damage","0","0","0"
"hold","midwest-flooding","midwest-flooding_00000124","D:\JupyterProject\storage\tiles\geotiffs\hold\images\midwest-flooding_00000124_pre_disaster.tif","D:\JupyterProject\storage\tiles\geotiffs\hold\images\midwest-flooding_00000124_post_disaster.tif","D:\JupyterProject\storage\tiles\geotiffs\hold\labels\midwest-flooding_00000124_pre_disaster.json","D:\JupyterProject\storage\tiles\geotiffs\hold\labels\midwest-flooding_00000124_post_disaster.json","major-damage","1","12","1"
"hold","midwest-flooding","midwest-flooding_00000129","D:\JupyterProject\storage\tiles\geotiffs\hold\images\midwest-flooding_00000129_pre_disaster.tif","D:\JupyterProject\storage\tiles\geotiffs\hold\images\midwest-flooding_00000129_post_disaster.tif","D:\JupyterProject\storage\tiles\geotiffs\hold\labels\midwest-flooding_00000129_pre_disaster.json","D:\JupyterProject\storage\tiles\geotiffs\hold\labels\midwest-flooding_00000129_post_disaster.json","no-damage","0","1","0"
"hold","midwest-flooding","midwest-flooding_00000134","D:\JupyterProject\storage\tiles\geotiffs\hold\images\midwest-flooding_00000134_pre_disaster.tif","D:\JupyterProject\storage\tiles\geotiffs\hold\images\midwest-flooding_00000134_post_disaster.tif","D:\JupyterProject\storage\tiles\geotiffs\hold\labels\midwest-flooding_00000134_pre_disaster.json","D:\JupyterProject\storage\tiles\geotiffs\hold\labels\midwest-flooding_00000134_post_disaster.json","no-damage","0","1","1"
"hold","midwest-flooding","midwest-flooding_00000136","D:\JupyterProject\storage\tiles\geotiffs\hold\images\midwest-flooding_00000136_pre_disaster.tif","D:\JupyterProject\storage\tiles\geotiffs\hold\images\midwest-flooding_00000136_post_disaster.tif","D:\JupyterProject\storage\tiles\geotiffs\hold\labels\midwest-flooding_00000136_pre_disaster.json","D:\JupyterProject\storage\tiles\geotiffs\hold\labels\midwest-flooding_00000136_post_disaster.json","no-damage","0","0","0"
"hold","midwest-flooding","midwest-flooding_00000138","D:\JupyterProject\storage\tiles\geotiffs\hold\images\midwest-flooding_00000138_pre_disaster.tif","D:\JupyterProject\storage\tiles\geotiffs\hold\images\midwest-flooding_00000138_post_disaster.tif","D:\JupyterProject\storage\tiles\geotiffs\hold\labels\midwest-flooding_00000138_pre_disaster.json","D:\JupyterProject\storage\tiles\geotiffs\hold\labels\midwest-flooding_00000138_post_disaster.json","minor-damage","0","4","0"
"hold","midwest-flooding","midwest-flooding_00000147","D:\JupyterProject\storage\tiles\geotiffs\hold\images\midwest-flooding_00000147_pre_disaster.tif","D:\JupyterProject\storage\tiles\geotiffs\hold\images\midwest-flooding_00000147_post_disaster.tif","D:\JupyterProject\storage\tiles\geotiffs\hold\labels\midwest-flooding_00000147_pre_disaster.json","D:\JupyterProject\storage\tiles\geotiffs\hold\labels\midwest-flooding_00000147_post_disaster.json","no-damage","0","3","0"
"hold","midwest-flooding","midwest-flooding_00000149","D:\JupyterProject\storage\tiles\geotiffs\hold\images\midwest-flooding_00000149_pre_disaster.tif","D:\JupyterProject\storage\tiles\geotiffs\hold\images\midwest-flooding_00000149_post_disaster.tif","D:\JupyterProject\storage\tiles\geotiffs\hold\labels\midwest-flooding_00000149_pre_disaster.json","D:\JupyterProject\storage\tiles\geotiffs\hold\labels\midwest-flooding_00000149_post_disaster.json","no-damage","0","0","0"
"hold","midwest-flooding","midwest-flooding_00000155","D:\JupyterProject\storage\tiles\geotiffs\hold\images\midwest-flooding_00000155_pre_disaster.tif","D:\JupyterProject\storage\tiles\geotiffs\hold\images\midwest-flooding_00000155_post_disaster.tif","D:\JupyterProject\storage\tiles\geotiffs\hold\labels\midwest-flooding_00000155_pre_disaster.json","D:\JupyterProject\storage\tiles\geotiffs\hold\labels\midwest-flooding_00000155_post_disaster.json","destroyed","1","1","0"
"hold","midwest-flooding","midwest-flooding_00000158","D:\JupyterProject\storage\tiles\geotiffs\hold\images\midwest-flooding_00000158_pre_disaster.tif","D:\JupyterProject\storage\tiles\geotiffs\hold\images\midwest-flooding_00000158_post_disaster.tif","D:\JupyterProject\storage\tiles\geotiffs\hold\labels\midwest-flooding_00000158_pre_disaster.json","D:\JupyterProject\storage\tiles\geotiffs\hold\labels\midwest-flooding_00000158_post_disaster.json","no-damage","0","0","0"
"hold","midwest-flooding","midwest-flooding_00000163","D:\JupyterProject\storage\tiles\geotiffs\hold\images\midwest-flooding_00000163_pre_disaster.tif","D:\JupyterProject\storage\tiles\geotiffs\hold\images\midwest-flooding_00000163_post_disaster.tif","D:\JupyterProject\storage\tiles\geotiffs\hold\labels\midwest-flooding_00000163_pre_disaster.json","D:\JupyterProject\storage\tiles\geotiffs\hold\labels\midwest-flooding_00000163_post_disaster.json","no-damage","0","1","0"
"hold","midwest-flooding","midwest-flooding_00000174","D:\JupyterProject\storage\tiles\geotiffs\hold\images\midwest-flooding_00000174_pre_disaster.tif","D:\JupyterProject\storage\tiles\geotiffs\hold\images\midwest-flooding_00000174_post_disaster.tif","D:\JupyterProject\storage\tiles\geotiffs\hold\labels\midwest-flooding_00000174_pre_disaster.json","D:\JupyterProject\storage\tiles\geotiffs\hold\labels\midwest-flooding_00000174_post_disaster.json","destroyed","1","1","0"
"hold","midwest-flooding","midwest-flooding_00000180","D:\JupyterProject\storage\tiles\geotiffs\hold\images\midwest-flooding_00000180_pre_disaster.tif","D:\JupyterProject\storage\tiles\geotiffs\hold\images\midwest-flooding_00000180_post_disaster.tif","D:\JupyterProject\storage\tiles\geotiffs\hold\labels\midwest-flooding_00000180_pre_disaster.json","D:\JupyterProject\storage\tiles\geotiffs\hold\labels\midwest-flooding_00000180_post_disaster.json","no-damage","0","11","0"
"hold","midwest-flooding","midwest-flooding_00000185","D:\JupyterProject\storage\tiles\geotiffs\hold\images\midwest-flooding_00000185_pre_disaster.tif","D:\JupyterProject\storage\tiles\geotiffs\hold\images\midwest-flooding_00000185_post_disaster.tif","D:\JupyterProject\storage\tiles\geotiffs\hold\labels\midwest-flooding_00000185_pre_disaster.json","D:\JupyterProject\storage\tiles\geotiffs\hold\labels\midwest-flooding_00000185_post_disaster.json","destroyed","1","5","0"
"hold","midwest-flooding","midwest-flooding_00000187","D:\JupyterProject\storage\tiles\geotiffs\hold\images\midwest-flooding_00000187_pre_disaster.tif","D:\JupyterProject\storage\tiles\geotiffs\hold\images\midwest-flooding_00000187_post_disaster.tif","D:\JupyterProject\storage\tiles\geotiffs\hold\labels\midwest-flooding_00000187_pre_disaster.json","D:\JupyterProject\storage\tiles\geotiffs\hold\labels\midwest-flooding_00000187_post_disaster.json","major-damage","1","14","0"
"hold","midwest-flooding","midwest-flooding_00000189","D:\JupyterProject\storage\tiles\geotiffs\hold\images\midwest-flooding_00000189_pre_disaster.tif","D:\JupyterProject\storage\tiles\geotiffs\hold\images\midwest-flooding_00000189_post_disaster.tif","D:\JupyterProject\storage\tiles\geotiffs\hold\labels\midwest-flooding_00000189_pre_disaster.json","D:\JupyterProject\storage\tiles\geotiffs\hold\labels\midwest-flooding_00000189_post_disaster.json","minor-damage","0","13","0"
"hold","midwest-flooding","midwest-flooding_00000192","D:\JupyterProject\storage\tiles\geotiffs\hold\images\midwest-flooding_00000192_pre_disaster.tif","D:\JupyterProject\storage\tiles\geotiffs\hold\images\midwest-flooding_00000192_post_disaster.tif","D:\JupyterProject\storage\tiles\geotiffs\hold\labels\midwest-flooding_00000192_pre_disaster.json","D:\JupyterProject\storage\tiles\geotiffs\hold\labels\midwest-flooding_00000192_post_disaster.json","no-damage","0","47","0"
"hold","midwest-flooding","midwest-flooding_00000213","D:\JupyterProject\storage\tiles\geotiffs\hold\images\midwest-flooding_00000213_pre_disaster.tif","D:\JupyterProject\storage\tiles\geotiffs\hold\images\midwest-flooding_00000213_post_disaster.tif","D:\JupyterProject\storage\tiles\geotiffs\hold\labels\midwest-flooding_00000213_pre_disaster.json","D:\JupyterProject\storage\tiles\geotiffs\hold\labels\midwest-flooding_00000213_post_disaster.json","major-damage","1","4","0"
"hold","midwest-flooding","midwest-flooding_00000218","D:\JupyterProject\storage\tiles\geotiffs\hold\images\midwest-flooding_00000218_pre_disaster.tif","D:\JupyterProject\storage\tiles\geotiffs\hold\images\midwest-flooding_00000218_post_disaster.tif","D:\JupyterProject\storage\tiles\geotiffs\hold\labels\midwest-flooding_00000218_pre_disaster.json","D:\JupyterProject\storage\tiles\geotiffs\hold\labels\midwest-flooding_00000218_post_disaster.json","major-damage","1","3","0"
"hold","midwest-flooding","midwest-flooding_00000226","D:\JupyterProject\storage\tiles\geotiffs\hold\images\midwest-flooding_00000226_pre_disaster.tif","D:\JupyterProject\storage\tiles\geotiffs\hold\images\midwest-flooding_00000226_post_disaster.tif","D:\JupyterProject\storage\tiles\geotiffs\hold\labels\midwest-flooding_00000226_pre_disaster.json","D:\JupyterProject\storage\tiles\geotiffs\hold\labels\midwest-flooding_00000226_post_disaster.json","destroyed","1","51","6"
"hold","midwest-flooding","midwest-flooding_00000227","D:\JupyterProject\storage\tiles\geotiffs\hold\images\midwest-flooding_00000227_pre_disaster.tif","D:\JupyterProject\storage\tiles\geotiffs\hold\images\midwest-flooding_00000227_post_disaster.tif","D:\JupyterProject\storage\tiles\geotiffs\hold\labels\midwest-flooding_00000227_pre_disaster.json","D:\JupyterProject\storage\tiles\geotiffs\hold\labels\midwest-flooding_00000227_post_disaster.json","minor-damage","0","10","0"
"hold","midwest-flooding","midwest-flooding_00000240","D:\JupyterProject\storage\tiles\geotiffs\hold\images\midwest-flooding_00000240_pre_disaster.tif","D:\JupyterProject\storage\tiles\geotiffs\hold\images\midwest-flooding_00000240_post_disaster.tif","D:\JupyterProject\storage\tiles\geotiffs\hold\labels\midwest-flooding_00000240_pre_disaster.json","D:\JupyterProject\storage\tiles\geotiffs\hold\labels\midwest-flooding_00000240_post_disaster.json","major-damage","1","15","0"
"hold","midwest-flooding","midwest-flooding_00000241","D:\JupyterProject\storage\tiles\geotiffs\hold\images\midwest-flooding_00000241_pre_disaster.tif","D:\JupyterProject\storage\tiles\geotiffs\hold\images\midwest-flooding_00000241_post_disaster.tif","D:\JupyterProject\storage\tiles\geotiffs\hold\labels\midwest-flooding_00000241_pre_disaster.json","D:\JupyterProject\storage\tiles\geotiffs\hold\labels\midwest-flooding_00000241_post_disaster.json","major-damage","1","48","0"
"hold","midwest-flooding","midwest-flooding_00000245","D:\JupyterProject\storage\tiles\geotiffs\hold\images\midwest-flooding_00000245_pre_disaster.tif","D:\JupyterProject\storage\tiles\geotiffs\hold\images\midwest-flooding_00000245_post_disaster.tif","D:\JupyterProject\storage\tiles\geotiffs\hold\labels\midwest-flooding_00000245_pre_disaster.json","D:\JupyterProject\storage\tiles\geotiffs\hold\labels\midwest-flooding_00000245_post_disaster.json","no-damage","0","9","0"
"hold","midwest-flooding","midwest-flooding_00000250","D:\JupyterProject\storage\tiles\geotiffs\hold\images\midwest-flooding_00000250_pre_disaster.tif","D:\JupyterProject\storage\tiles\geotiffs\hold\images\midwest-flooding_00000250_post_disaster.tif","D:\JupyterProject\storage\tiles\geotiffs\hold\labels\midwest-flooding_00000250_pre_disaster.json","D:\JupyterProject\storage\tiles\geotiffs\hold\labels\midwest-flooding_00000250_post_disaster.json","no-damage","0","0","1"
"hold","midwest-flooding","midwest-flooding_00000257","D:\JupyterProject\storage\tiles\geotiffs\hold\images\midwest-flooding_00000257_pre_disaster.tif","D:\JupyterProject\storage\tiles\geotiffs\hold\images\midwest-flooding_00000257_post_disaster.tif","D:\JupyterProject\storage\tiles\geotiffs\hold\labels\midwest-flooding_00000257_pre_disaster.json","D:\JupyterProject\storage\tiles\geotiffs\hold\labels\midwest-flooding_00000257_post_disaster.json","destroyed","1","15","1"
"hold","midwest-flooding","midwest-flooding_00000260","D:\JupyterProject\storage\tiles\geotiffs\hold\images\midwest-flooding_00000260_pre_disaster.tif","D:\JupyterProject\storage\tiles\geotiffs\hold\images\midwest-flooding_00000260_post_disaster.tif","D:\JupyterProject\storage\tiles\geotiffs\hold\labels\midwest-flooding_00000260_pre_disaster.json","D:\JupyterProject\storage\tiles\geotiffs\hold\labels\midwest-flooding_00000260_post_disaster.json","no-damage","0","59","2"
"hold","midwest-flooding","midwest-flooding_00000261","D:\JupyterProject\storage\tiles\geotiffs\hold\images\midwest-flooding_00000261_pre_disaster.tif","D:\JupyterProject\storage\tiles\geotiffs\hold\images\midwest-flooding_00000261_post_disaster.tif","D:\JupyterProject\storage\tiles\geotiffs\hold\labels\midwest-flooding_00000261_pre_disaster.json","D:\JupyterProject\storage\tiles\geotiffs\hold\labels\midwest-flooding_00000261_post_disaster.json","no-damage","0","4","0"
"hold","midwest-flooding","midwest-flooding_00000262","D:\JupyterProject\storage\tiles\geotiffs\hold\images\midwest-flooding_00000262_pre_disaster.tif","D:\JupyterProject\storage\tiles\geotiffs\hold\images\midwest-flooding_00000262_post_disaster.tif","D:\JupyterProject\storage\tiles\geotiffs\hold\labels\midwest-flooding_00000262_pre_disaster.json","D:\JupyterProject\storage\tiles\geotiffs\hold\labels\midwest-flooding_00000262_post_disaster.json","minor-damage","0","20","1"
"hold","midwest-flooding","midwest-flooding_00000266","D:\JupyterProject\storage\tiles\geotiffs\hold\images\midwest-flooding_00000266_pre_disaster.tif","D:\JupyterProject\storage\tiles\geotiffs\hold\images\midwest-flooding_00000266_post_disaster.tif","D:\JupyterProject\storage\tiles\geotiffs\hold\labels\midwest-flooding_00000266_pre_disaster.json","D:\JupyterProject\storage\tiles\geotiffs\hold\labels\midwest-flooding_00000266_post_disaster.json","destroyed","1","20","0"
"hold","midwest-flooding","midwest-flooding_00000278","D:\JupyterProject\storage\tiles\geotiffs\hold\images\midwest-flooding_00000278_pre_disaster.tif","D:\JupyterProject\storage\tiles\geotiffs\hold\images\midwest-flooding_00000278_post_disaster.tif","D:\JupyterProject\storage\tiles\geotiffs\hold\labels\midwest-flooding_00000278_pre_disaster.json","D:\JupyterProject\storage\tiles\geotiffs\hold\labels\midwest-flooding_00000278_post_disaster.json","no-damage","0","57","0"
"hold","midwest-flooding","midwest-flooding_00000280","D:\JupyterProject\storage\tiles\geotiffs\hold\images\midwest-flooding_00000280_pre_disaster.tif","D:\JupyterProject\storage\tiles\geotiffs\hold\images\midwest-flooding_00000280_post_disaster.tif","D:\JupyterProject\storage\tiles\geotiffs\hold\labels\midwest-flooding_00000280_pre_disaster.json","D:\JupyterProject\storage\tiles\geotiffs\hold\labels\midwest-flooding_00000280_post_disaster.json","no-damage","0","5","0"
"hold","midwest-flooding","midwest-flooding_00000288","D:\JupyterProject\storage\tiles\geotiffs\hold\images\midwest-flooding_00000288_pre_disaster.tif","D:\JupyterProject\storage\tiles\geotiffs\hold\images\midwest-flooding_00000288_post_disaster.tif","D:\JupyterProject\storage\tiles\geotiffs\hold\labels\midwest-flooding_00000288_pre_disaster.json","D:\JupyterProject\storage\tiles\geotiffs\hold\labels\midwest-flooding_00000288_post_disaster.json","no-damage","0","39","3"
"hold","midwest-flooding","midwest-flooding_00000291","D:\JupyterProject\storage\tiles\geotiffs\hold\images\midwest-flooding_00000291_pre_disaster.tif","D:\JupyterProject\storage\tiles\geotiffs\hold\images\midwest-flooding_00000291_post_disaster.tif","D:\JupyterProject\storage\tiles\geotiffs\hold\labels\midwest-flooding_00000291_pre_disaster.json","D:\JupyterProject\storage\tiles\geotiffs\hold\labels\midwest-flooding_00000291_post_disaster.json","minor-damage","0","14","1"
"hold","midwest-flooding","midwest-flooding_00000294","D:\JupyterProject\storage\tiles\geotiffs\hold\images\midwest-flooding_00000294_pre_disaster.tif","D:\JupyterProject\storage\tiles\geotiffs\hold\images\midwest-flooding_00000294_post_disaster.tif","D:\JupyterProject\storage\tiles\geotiffs\hold\labels\midwest-flooding_00000294_pre_disaster.json","D:\JupyterProject\storage\tiles\geotiffs\hold\labels\midwest-flooding_00000294_post_disaster.json","destroyed","1","6","0"
"hold","midwest-flooding","midwest-flooding_00000295","D:\JupyterProject\storage\tiles\geotiffs\hold\images\midwest-flooding_00000295_pre_disaster.tif","D:\JupyterProject\storage\tiles\geotiffs\hold\images\midwest-flooding_00000295_post_disaster.tif","D:\JupyterProject\storage\tiles\geotiffs\hold\labels\midwest-flooding_00000295_pre_disaster.json","D:\JupyterProject\storage\tiles\geotiffs\hold\labels\midwest-flooding_00000295_post_disaster.json","minor-damage","0","39","1"
"hold","midwest-flooding","midwest-flooding_00000296","D:\JupyterProject\storage\tiles\geotiffs\hold\images\midwest-flooding_00000296_pre_disaster.tif","D:\JupyterProject\storage\tiles\geotiffs\hold\images\midwest-flooding_00000296_post_disaster.tif","D:\JupyterProject\storage\tiles\geotiffs\hold\labels\midwest-flooding_00000296_pre_disaster.json","D:\JupyterProject\storage\tiles\geotiffs\hold\labels\midwest-flooding_00000296_post_disaster.json","destroyed","1","2","0"
"hold","midwest-flooding","midwest-flooding_00000297","D:\JupyterProject\storage\tiles\geotiffs\hold\images\midwest-flooding_00000297_pre_disaster.tif","D:\JupyterProject\storage\tiles\geotiffs\hold\images\midwest-flooding_00000297_post_disaster.tif","D:\JupyterProject\storage\tiles\geotiffs\hold\labels\midwest-flooding_00000297_pre_disaster.json","D:\JupyterProject\storage\tiles\geotiffs\hold\labels\midwest-flooding_00000297_post_disaster.json","destroyed","1","24","5"
"hold","midwest-flooding","midwest-flooding_00000300","D:\JupyterProject\storage\tiles\geotiffs\hold\images\midwest-flooding_00000300_pre_disaster.tif","D:\JupyterProject\storage\tiles\geotiffs\hold\images\midwest-flooding_00000300_post_disaster.tif","D:\JupyterProject\storage\tiles\geotiffs\hold\labels\midwest-flooding_00000300_pre_disaster.json","D:\JupyterProject\storage\tiles\geotiffs\hold\labels\midwest-flooding_00000300_post_disaster.json","no-damage","0","26","1"
"hold","midwest-flooding","midwest-flooding_00000305","D:\JupyterProject\storage\tiles\geotiffs\hold\images\midwest-flooding_00000305_pre_disaster.tif","D:\JupyterProject\storage\tiles\geotiffs\hold\images\midwest-flooding_00000305_post_disaster.tif","D:\JupyterProject\storage\tiles\geotiffs\hold\labels\midwest-flooding_00000305_pre_disaster.json","D:\JupyterProject\storage\tiles\geotiffs\hold\labels\midwest-flooding_00000305_post_disaster.json","destroyed","1","15","1"
"hold","midwest-flooding","midwest-flooding_00000306","D:\JupyterProject\storage\tiles\geotiffs\hold\images\midwest-flooding_00000306_pre_disaster.tif","D:\JupyterProject\storage\tiles\geotiffs\hold\images\midwest-flooding_00000306_post_disaster.tif","D:\JupyterProject\storage\tiles\geotiffs\hold\labels\midwest-flooding_00000306_pre_disaster.json","D:\JupyterProject\storage\tiles\geotiffs\hold\labels\midwest-flooding_00000306_post_disaster.json","destroyed","1","15","0"
"hold","midwest-flooding","midwest-flooding_00000307","D:\JupyterProject\storage\tiles\geotiffs\hold\images\midwest-flooding_00000307_pre_disaster.tif","D:\JupyterProject\storage\tiles\geotiffs\hold\images\midwest-flooding_00000307_post_disaster.tif","D:\JupyterProject\storage\tiles\geotiffs\hold\labels\midwest-flooding_00000307_pre_disaster.json","D:\JupyterProject\storage\tiles\geotiffs\hold\labels\midwest-flooding_00000307_post_disaster.json","no-damage","0","17","0"
"hold","midwest-flooding","midwest-flooding_00000312","D:\JupyterProject\storage\tiles\geotiffs\hold\images\midwest-flooding_00000312_pre_disaster.tif","D:\JupyterProject\storage\tiles\geotiffs\hold\images\midwest-flooding_00000312_post_disaster.tif","D:\JupyterProject\storage\tiles\geotiffs\hold\labels\midwest-flooding_00000312_pre_disaster.json","D:\JupyterProject\storage\tiles\geotiffs\hold\labels\midwest-flooding_00000312_post_disaster.json","destroyed","1","4","0"
"hold","midwest-flooding","midwest-flooding_00000321","D:\JupyterProject\storage\tiles\geotiffs\hold\images\midwest-flooding_00000321_pre_disaster.tif","D:\JupyterProject\storage\tiles\geotiffs\hold\images\midwest-flooding_00000321_post_disaster.tif","D:\JupyterProject\storage\tiles\geotiffs\hold\labels\midwest-flooding_00000321_pre_disaster.json","D:\JupyterProject\storage\tiles\geotiffs\hold\labels\midwest-flooding_00000321_post_disaster.json","no-damage","0","6","1"
"hold","midwest-flooding","midwest-flooding_00000325","D:\JupyterProject\storage\tiles\geotiffs\hold\images\midwest-flooding_00000325_pre_disaster.tif","D:\JupyterProject\storage\tiles\geotiffs\hold\images\midwest-flooding_00000325_post_disaster.tif","D:\JupyterProject\storage\tiles\geotiffs\hold\labels\midwest-flooding_00000325_pre_disaster.json","D:\JupyterProject\storage\tiles\geotiffs\hold\labels\midwest-flooding_00000325_post_disaster.json","no-damage","0","55","2"
"hold","midwest-flooding","midwest-flooding_00000327","D:\JupyterProject\storage\tiles\geotiffs\hold\images\midwest-flooding_00000327_pre_disaster.tif","D:\JupyterProject\storage\tiles\geotiffs\hold\images\midwest-flooding_00000327_post_disaster.tif","D:\JupyterProject\storage\tiles\geotiffs\hold\labels\midwest-flooding_00000327_pre_disaster.json","D:\JupyterProject\storage\tiles\geotiffs\hold\labels\midwest-flooding_00000327_post_disaster.json","no-damage","0","3","0"
"hold","midwest-flooding","midwest-flooding_00000341","D:\JupyterProject\storage\tiles\geotiffs\hold\images\midwest-flooding_00000341_pre_disaster.tif","D:\JupyterProject\storage\tiles\geotiffs\hold\images\midwest-flooding_00000341_post_disaster.tif","D:\JupyterProject\storage\tiles\geotiffs\hold\labels\midwest-flooding_00000341_pre_disaster.json","D:\JupyterProject\storage\tiles\geotiffs\hold\labels\midwest-flooding_00000341_post_disaster.json","major-damage","1","1","0"
"hold","midwest-flooding","midwest-flooding_00000342","D:\JupyterProject\storage\tiles\geotiffs\hold\images\midwest-flooding_00000342_pre_disaster.tif","D:\JupyterProject\storage\tiles\geotiffs\hold\images\midwest-flooding_00000342_post_disaster.tif","D:\JupyterProject\storage\tiles\geotiffs\hold\labels\midwest-flooding_00000342_pre_disaster.json","D:\JupyterProject\storage\tiles\geotiffs\hold\labels\midwest-flooding_00000342_post_disaster.json","major-damage","1","6","0"
"hold","midwest-flooding","midwest-flooding_00000349","D:\JupyterProject\storage\tiles\geotiffs\hold\images\midwest-flooding_00000349_pre_disaster.tif","D:\JupyterProject\storage\tiles\geotiffs\hold\images\midwest-flooding_00000349_post_disaster.tif","D:\JupyterProject\storage\tiles\geotiffs\hold\labels\midwest-flooding_00000349_pre_disaster.json","D:\JupyterProject\storage\tiles\geotiffs\hold\labels\midwest-flooding_00000349_post_disaster.json","minor-damage","0","30","0"
"hold","midwest-flooding","midwest-flooding_00000364","D:\JupyterProject\storage\tiles\geotiffs\hold\images\midwest-flooding_00000364_pre_disaster.tif","D:\JupyterProject\storage\tiles\geotiffs\hold\images\midwest-flooding_00000364_post_disaster.tif","D:\JupyterProject\storage\tiles\geotiffs\hold\labels\midwest-flooding_00000364_pre_disaster.json","D:\JupyterProject\storage\tiles\geotiffs\hold\labels\midwest-flooding_00000364_post_disaster.json","no-damage","0","8","0"
"hold","midwest-flooding","midwest-flooding_00000369","D:\JupyterProject\storage\tiles\geotiffs\hold\images\midwest-flooding_00000369_pre_disaster.tif","D:\JupyterProject\storage\tiles\geotiffs\hold\images\midwest-flooding_00000369_post_disaster.tif","D:\JupyterProject\storage\tiles\geotiffs\hold\labels\midwest-flooding_00000369_pre_disaster.json","D:\JupyterProject\storage\tiles\geotiffs\hold\labels\midwest-flooding_00000369_post_disaster.json","major-damage","1","42","0"
"hold","midwest-flooding","midwest-flooding_00000372","D:\JupyterProject\storage\tiles\geotiffs\hold\images\midwest-flooding_00000372_pre_disaster.tif","D:\JupyterProject\storage\tiles\geotiffs\hold\images\midwest-flooding_00000372_post_disaster.tif","D:\JupyterProject\storage\tiles\geotiffs\hold\labels\midwest-flooding_00000372_pre_disaster.json","D:\JupyterProject\storage\tiles\geotiffs\hold\labels\midwest-flooding_00000372_post_disaster.json","destroyed","1","2","0"
"hold","midwest-flooding","midwest-flooding_00000373","D:\JupyterProject\storage\tiles\geotiffs\hold\images\midwest-flooding_00000373_pre_disaster.tif","D:\JupyterProject\storage\tiles\geotiffs\hold\images\midwest-flooding_00000373_post_disaster.tif","D:\JupyterProject\storage\tiles\geotiffs\hold\labels\midwest-flooding_00000373_pre_disaster.json","D:\JupyterProject\storage\tiles\geotiffs\hold\labels\midwest-flooding_00000373_post_disaster.json","destroyed","1","14","0"
"hold","midwest-flooding","midwest-flooding_00000375","D:\JupyterProject\storage\tiles\geotiffs\hold\images\midwest-flooding_00000375_pre_disaster.tif","D:\JupyterProject\storage\tiles\geotiffs\hold\images\midwest-flooding_00000375_post_disaster.tif","D:\JupyterProject\storage\tiles\geotiffs\hold\labels\midwest-flooding_00000375_pre_disaster.json","D:\JupyterProject\storage\tiles\geotiffs\hold\labels\midwest-flooding_00000375_post_disaster.json","no-damage","0","0","0"
"hold","midwest-flooding","midwest-flooding_00000383","D:\JupyterProject\storage\tiles\geotiffs\hold\images\midwest-flooding_00000383_pre_disaster.tif","D:\JupyterProject\storage\tiles\geotiffs\hold\images\midwest-flooding_00000383_post_disaster.tif","D:\JupyterProject\storage\tiles\geotiffs\hold\labels\midwest-flooding_00000383_pre_disaster.json","D:\JupyterProject\storage\tiles\geotiffs\hold\labels\midwest-flooding_00000383_post_disaster.json","destroyed","1","6","0"
"hold","midwest-flooding","midwest-flooding_00000384","D:\JupyterProject\storage\tiles\geotiffs\hold\images\midwest-flooding_00000384_pre_disaster.tif","D:\JupyterProject\storage\tiles\geotiffs\hold\images\midwest-flooding_00000384_post_disaster.tif","D:\JupyterProject\storage\tiles\geotiffs\hold\labels\midwest-flooding_00000384_pre_disaster.json","D:\JupyterProject\storage\tiles\geotiffs\hold\labels\midwest-flooding_00000384_post_disaster.json","minor-damage","0","8","0"
"hold","midwest-flooding","midwest-flooding_00000387","D:\JupyterProject\storage\tiles\geotiffs\hold\images\midwest-flooding_00000387_pre_disaster.tif","D:\JupyterProject\storage\tiles\geotiffs\hold\images\midwest-flooding_00000387_post_disaster.tif","D:\JupyterProject\storage\tiles\geotiffs\hold\labels\midwest-flooding_00000387_pre_disaster.json","D:\JupyterProject\storage\tiles\geotiffs\hold\labels\midwest-flooding_00000387_post_disaster.json","no-damage","0","3","0"
"hold","midwest-flooding","midwest-flooding_00000390","D:\JupyterProject\storage\tiles\geotiffs\hold\images\midwest-flooding_00000390_pre_disaster.tif","D:\JupyterProject\storage\tiles\geotiffs\hold\images\midwest-flooding_00000390_post_disaster.tif","D:\JupyterProject\storage\tiles\geotiffs\hold\labels\midwest-flooding_00000390_pre_disaster.json","D:\JupyterProject\storage\tiles\geotiffs\hold\labels\midwest-flooding_00000390_post_disaster.json","no-damage","0","5","0"
"hold","midwest-flooding","midwest-flooding_00000402","D:\JupyterProject\storage\tiles\geotiffs\hold\images\midwest-flooding_00000402_pre_disaster.tif","D:\JupyterProject\storage\tiles\geotiffs\hold\images\midwest-flooding_00000402_post_disaster.tif","D:\JupyterProject\storage\tiles\geotiffs\hold\labels\midwest-flooding_00000402_pre_disaster.json","D:\JupyterProject\storage\tiles\geotiffs\hold\labels\midwest-flooding_00000402_post_disaster.json","no-damage","0","5","3"
"hold","midwest-flooding","midwest-flooding_00000419","D:\JupyterProject\storage\tiles\geotiffs\hold\images\midwest-flooding_00000419_pre_disaster.tif","D:\JupyterProject\storage\tiles\geotiffs\hold\images\midwest-flooding_00000419_post_disaster.tif","D:\JupyterProject\storage\tiles\geotiffs\hold\labels\midwest-flooding_00000419_pre_disaster.json","D:\JupyterProject\storage\tiles\geotiffs\hold\labels\midwest-flooding_00000419_post_disaster.json","minor-damage","0","1","0"
"hold","midwest-flooding","midwest-flooding_00000425","D:\JupyterProject\storage\tiles\geotiffs\hold\images\midwest-flooding_00000425_pre_disaster.tif","D:\JupyterProject\storage\tiles\geotiffs\hold\images\midwest-flooding_00000425_post_disaster.tif","D:\JupyterProject\storage\tiles\geotiffs\hold\labels\midwest-flooding_00000425_pre_disaster.json","D:\JupyterProject\storage\tiles\geotiffs\hold\labels\midwest-flooding_00000425_post_disaster.json","no-damage","0","0","0"
"hold","midwest-flooding","midwest-flooding_00000434","D:\JupyterProject\storage\tiles\geotiffs\hold\images\midwest-flooding_00000434_pre_disaster.tif","D:\JupyterProject\storage\tiles\geotiffs\hold\images\midwest-flooding_00000434_post_disaster.tif","D:\JupyterProject\storage\tiles\geotiffs\hold\labels\midwest-flooding_00000434_pre_disaster.json","D:\JupyterProject\storage\tiles\geotiffs\hold\labels\midwest-flooding_00000434_post_disaster.json","no-damage","0","112","0"
"hold","midwest-flooding","midwest-flooding_00000439","D:\JupyterProject\storage\tiles\geotiffs\hold\images\midwest-flooding_00000439_pre_disaster.tif","D:\JupyterProject\storage\tiles\geotiffs\hold\images\midwest-flooding_00000439_post_disaster.tif","D:\JupyterProject\storage\tiles\geotiffs\hold\labels\midwest-flooding_00000439_pre_disaster.json","D:\JupyterProject\storage\tiles\geotiffs\hold\labels\midwest-flooding_00000439_post_disaster.json","major-damage","1","43","0"
"hold","midwest-flooding","midwest-flooding_00000443","D:\JupyterProject\storage\tiles\geotiffs\hold\images\midwest-flooding_00000443_pre_disaster.tif","D:\JupyterProject\storage\tiles\geotiffs\hold\images\midwest-flooding_00000443_post_disaster.tif","D:\JupyterProject\storage\tiles\geotiffs\hold\labels\midwest-flooding_00000443_pre_disaster.json","D:\JupyterProject\storage\tiles\geotiffs\hold\labels\midwest-flooding_00000443_post_disaster.json","minor-damage","0","25","1"
"hold","palu-tsunami","palu-tsunami_00000009","D:\JupyterProject\storage\tiles\geotiffs\hold\images\palu-tsunami_00000009_pre_disaster.tif","D:\JupyterProject\storage\tiles\geotiffs\hold\images\palu-tsunami_00000009_post_disaster.tif","D:\JupyterProject\storage\tiles\geotiffs\hold\labels\palu-tsunami_00000009_pre_disaster.json","D:\JupyterProject\storage\tiles\geotiffs\hold\labels\palu-tsunami_00000009_post_disaster.json","destroyed","1","62","2"
"hold","palu-tsunami","palu-tsunami_00000013","D:\JupyterProject\storage\tiles\geotiffs\hold\images\palu-tsunami_00000013_pre_disaster.tif","D:\JupyterProject\storage\tiles\geotiffs\hold\images\palu-tsunami_00000013_post_disaster.tif","D:\JupyterProject\storage\tiles\geotiffs\hold\labels\palu-tsunami_00000013_pre_disaster.json","D:\JupyterProject\storage\tiles\geotiffs\hold\labels\palu-tsunami_00000013_post_disaster.json","destroyed","1","539","0"
"hold","palu-tsunami","palu-tsunami_00000014","D:\JupyterProject\storage\tiles\geotiffs\hold\images\palu-tsunami_00000014_pre_disaster.tif","D:\JupyterProject\storage\tiles\geotiffs\hold\images\palu-tsunami_00000014_post_disaster.tif","D:\JupyterProject\storage\tiles\geotiffs\hold\labels\palu-tsunami_00000014_pre_disaster.json","D:\JupyterProject\storage\tiles\geotiffs\hold\labels\palu-tsunami_00000014_post_disaster.json","major-damage","1","46","0"
"hold","palu-tsunami","palu-tsunami_00000017","D:\JupyterProject\storage\tiles\geotiffs\hold\images\palu-tsunami_00000017_pre_disaster.tif","D:\JupyterProject\storage\tiles\geotiffs\hold\images\palu-tsunami_00000017_post_disaster.tif","D:\JupyterProject\storage\tiles\geotiffs\hold\labels\palu-tsunami_00000017_pre_disaster.json","D:\JupyterProject\storage\tiles\geotiffs\hold\labels\palu-tsunami_00000017_post_disaster.json","no-damage","0","690","0"
"hold","palu-tsunami","palu-tsunami_00000018","D:\JupyterProject\storage\tiles\geotiffs\hold\images\palu-tsunami_00000018_pre_disaster.tif","D:\JupyterProject\storage\tiles\geotiffs\hold\images\palu-tsunami_00000018_post_disaster.tif","D:\JupyterProject\storage\tiles\geotiffs\hold\labels\palu-tsunami_00000018_pre_disaster.json","D:\JupyterProject\storage\tiles\geotiffs\hold\labels\palu-tsunami_00000018_post_disaster.json","destroyed","1","124","0"
"hold","palu-tsunami","palu-tsunami_00000029","D:\JupyterProject\storage\tiles\geotiffs\hold\images\palu-tsunami_00000029_pre_disaster.tif","D:\JupyterProject\storage\tiles\geotiffs\hold\images\palu-tsunami_00000029_post_disaster.tif","D:\JupyterProject\storage\tiles\geotiffs\hold\labels\palu-tsunami_00000029_pre_disaster.json","D:\JupyterProject\storage\tiles\geotiffs\hold\labels\palu-tsunami_00000029_post_disaster.json","destroyed","1","126","0"
"hold","palu-tsunami","palu-tsunami_00000031","D:\JupyterProject\storage\tiles\geotiffs\hold\images\palu-tsunami_00000031_pre_disaster.tif","D:\JupyterProject\storage\tiles\geotiffs\hold\images\palu-tsunami_00000031_post_disaster.tif","D:\JupyterProject\storage\tiles\geotiffs\hold\labels\palu-tsunami_00000031_pre_disaster.json","D:\JupyterProject\storage\tiles\geotiffs\hold\labels\palu-tsunami_00000031_post_disaster.json","destroyed","1","149","0"
"hold","palu-tsunami","palu-tsunami_00000036","D:\JupyterProject\storage\tiles\geotiffs\hold\images\palu-tsunami_00000036_pre_disaster.tif","D:\JupyterProject\storage\tiles\geotiffs\hold\images\palu-tsunami_00000036_post_disaster.tif","D:\JupyterProject\storage\tiles\geotiffs\hold\labels\palu-tsunami_00000036_pre_disaster.json","D:\JupyterProject\storage\tiles\geotiffs\hold\labels\palu-tsunami_00000036_post_disaster.json","destroyed","1","71","2"
"hold","palu-tsunami","palu-tsunami_00000039","D:\JupyterProject\storage\tiles\geotiffs\hold\images\palu-tsunami_00000039_pre_disaster.tif","D:\JupyterProject\storage\tiles\geotiffs\hold\images\palu-tsunami_00000039_post_disaster.tif","D:\JupyterProject\storage\tiles\geotiffs\hold\labels\palu-tsunami_00000039_pre_disaster.json","D:\JupyterProject\storage\tiles\geotiffs\hold\labels\palu-tsunami_00000039_post_disaster.json","destroyed","1","284","1"
"hold","palu-tsunami","palu-tsunami_00000046","D:\JupyterProject\storage\tiles\geotiffs\hold\images\palu-tsunami_00000046_pre_disaster.tif","D:\JupyterProject\storage\tiles\geotiffs\hold\images\palu-tsunami_00000046_post_disaster.tif","D:\JupyterProject\storage\tiles\geotiffs\hold\labels\palu-tsunami_00000046_pre_disaster.json","D:\JupyterProject\storage\tiles\geotiffs\hold\labels\palu-tsunami_00000046_post_disaster.json","major-damage","1","16","2"
"hold","palu-tsunami","palu-tsunami_00000052","D:\JupyterProject\storage\tiles\geotiffs\hold\images\palu-tsunami_00000052_pre_disaster.tif","D:\JupyterProject\storage\tiles\geotiffs\hold\images\palu-tsunami_00000052_post_disaster.tif","D:\JupyterProject\storage\tiles\geotiffs\hold\labels\palu-tsunami_00000052_pre_disaster.json","D:\JupyterProject\storage\tiles\geotiffs\hold\labels\palu-tsunami_00000052_post_disaster.json","destroyed","1","12","0"
"hold","palu-tsunami","palu-tsunami_00000055","D:\JupyterProject\storage\tiles\geotiffs\hold\images\palu-tsunami_00000055_pre_disaster.tif","D:\JupyterProject\storage\tiles\geotiffs\hold\images\palu-tsunami_00000055_post_disaster.tif","D:\JupyterProject\storage\tiles\geotiffs\hold\labels\palu-tsunami_00000055_pre_disaster.json","D:\JupyterProject\storage\tiles\geotiffs\hold\labels\palu-tsunami_00000055_post_disaster.json","no-damage","0","40","1"
"hold","palu-tsunami","palu-tsunami_00000059","D:\JupyterProject\storage\tiles\geotiffs\hold\images\palu-tsunami_00000059_pre_disaster.tif","D:\JupyterProject\storage\tiles\geotiffs\hold\images\palu-tsunami_00000059_post_disaster.tif","D:\JupyterProject\storage\tiles\geotiffs\hold\labels\palu-tsunami_00000059_pre_disaster.json","D:\JupyterProject\storage\tiles\geotiffs\hold\labels\palu-tsunami_00000059_post_disaster.json","destroyed","1","645","2"
"hold","palu-tsunami","palu-tsunami_00000060","D:\JupyterProject\storage\tiles\geotiffs\hold\images\palu-tsunami_00000060_pre_disaster.tif","D:\JupyterProject\storage\tiles\geotiffs\hold\images\palu-tsunami_00000060_post_disaster.tif","D:\JupyterProject\storage\tiles\geotiffs\hold\labels\palu-tsunami_00000060_pre_disaster.json","D:\JupyterProject\storage\tiles\geotiffs\hold\labels\palu-tsunami_00000060_post_disaster.json","destroyed","1","303","3"
"hold","palu-tsunami","palu-tsunami_00000063","D:\JupyterProject\storage\tiles\geotiffs\hold\images\palu-tsunami_00000063_pre_disaster.tif","D:\JupyterProject\storage\tiles\geotiffs\hold\images\palu-tsunami_00000063_post_disaster.tif","D:\JupyterProject\storage\tiles\geotiffs\hold\labels\palu-tsunami_00000063_pre_disaster.json","D:\JupyterProject\storage\tiles\geotiffs\hold\labels\palu-tsunami_00000063_post_disaster.json","destroyed","1","303","4"
"hold","palu-tsunami","palu-tsunami_00000070","D:\JupyterProject\storage\tiles\geotiffs\hold\images\palu-tsunami_00000070_pre_disaster.tif","D:\JupyterProject\storage\tiles\geotiffs\hold\images\palu-tsunami_00000070_post_disaster.tif","D:\JupyterProject\storage\tiles\geotiffs\hold\labels\palu-tsunami_00000070_pre_disaster.json","D:\JupyterProject\storage\tiles\geotiffs\hold\labels\palu-tsunami_00000070_post_disaster.json","destroyed","1","240","1"
"hold","palu-tsunami","palu-tsunami_00000075","D:\JupyterProject\storage\tiles\geotiffs\hold\images\palu-tsunami_00000075_pre_disaster.tif","D:\JupyterProject\storage\tiles\geotiffs\hold\images\palu-tsunami_00000075_post_disaster.tif","D:\JupyterProject\storage\tiles\geotiffs\hold\labels\palu-tsunami_00000075_pre_disaster.json","D:\JupyterProject\storage\tiles\geotiffs\hold\labels\palu-tsunami_00000075_post_disaster.json","no-damage","0","187","1"
"hold","palu-tsunami","palu-tsunami_00000078","D:\JupyterProject\storage\tiles\geotiffs\hold\images\palu-tsunami_00000078_pre_disaster.tif","D:\JupyterProject\storage\tiles\geotiffs\hold\images\palu-tsunami_00000078_post_disaster.tif","D:\JupyterProject\storage\tiles\geotiffs\hold\labels\palu-tsunami_00000078_pre_disaster.json","D:\JupyterProject\storage\tiles\geotiffs\hold\labels\palu-tsunami_00000078_post_disaster.json","destroyed","1","369","6"
"hold","palu-tsunami","palu-tsunami_00000079","D:\JupyterProject\storage\tiles\geotiffs\hold\images\palu-tsunami_00000079_pre_disaster.tif","D:\JupyterProject\storage\tiles\geotiffs\hold\images\palu-tsunami_00000079_post_disaster.tif","D:\JupyterProject\storage\tiles\geotiffs\hold\labels\palu-tsunami_00000079_pre_disaster.json","D:\JupyterProject\storage\tiles\geotiffs\hold\labels\palu-tsunami_00000079_post_disaster.json","destroyed","1","580","4"
"hold","palu-tsunami","palu-tsunami_00000080","D:\JupyterProject\storage\tiles\geotiffs\hold\images\palu-tsunami_00000080_pre_disaster.tif","D:\JupyterProject\storage\tiles\geotiffs\hold\images\palu-tsunami_00000080_post_disaster.tif","D:\JupyterProject\storage\tiles\geotiffs\hold\labels\palu-tsunami_00000080_pre_disaster.json","D:\JupyterProject\storage\tiles\geotiffs\hold\labels\palu-tsunami_00000080_post_disaster.json","destroyed","1","108","2"
"hold","palu-tsunami","palu-tsunami_00000085","D:\JupyterProject\storage\tiles\geotiffs\hold\images\palu-tsunami_00000085_pre_disaster.tif","D:\JupyterProject\storage\tiles\geotiffs\hold\images\palu-tsunami_00000085_post_disaster.tif","D:\JupyterProject\storage\tiles\geotiffs\hold\labels\palu-tsunami_00000085_pre_disaster.json","D:\JupyterProject\storage\tiles\geotiffs\hold\labels\palu-tsunami_00000085_post_disaster.json","destroyed","1","179","4"
"hold","palu-tsunami","palu-tsunami_00000089","D:\JupyterProject\storage\tiles\geotiffs\hold\images\palu-tsunami_00000089_pre_disaster.tif","D:\JupyterProject\storage\tiles\geotiffs\hold\images\palu-tsunami_00000089_post_disaster.tif","D:\JupyterProject\storage\tiles\geotiffs\hold\labels\palu-tsunami_00000089_pre_disaster.json","D:\JupyterProject\storage\tiles\geotiffs\hold\labels\palu-tsunami_00000089_post_disaster.json","no-damage","0","922","11"
"hold","palu-tsunami","palu-tsunami_00000093","D:\JupyterProject\storage\tiles\geotiffs\hold\images\palu-tsunami_00000093_pre_disaster.tif","D:\JupyterProject\storage\tiles\geotiffs\hold\images\palu-tsunami_00000093_post_disaster.tif","D:\JupyterProject\storage\tiles\geotiffs\hold\labels\palu-tsunami_00000093_pre_disaster.json","D:\JupyterProject\storage\tiles\geotiffs\hold\labels\palu-tsunami_00000093_post_disaster.json","destroyed","1","453","6"
"hold","palu-tsunami","palu-tsunami_00000095","D:\JupyterProject\storage\tiles\geotiffs\hold\images\palu-tsunami_00000095_pre_disaster.tif","D:\JupyterProject\storage\tiles\geotiffs\hold\images\palu-tsunami_00000095_post_disaster.tif","D:\JupyterProject\storage\tiles\geotiffs\hold\labels\palu-tsunami_00000095_pre_disaster.json","D:\JupyterProject\storage\tiles\geotiffs\hold\labels\palu-tsunami_00000095_post_disaster.json","no-damage","0","822","6"
"hold","palu-tsunami","palu-tsunami_00000104","D:\JupyterProject\storage\tiles\geotiffs\hold\images\palu-tsunami_00000104_pre_disaster.tif","D:\JupyterProject\storage\tiles\geotiffs\hold\images\palu-tsunami_00000104_post_disaster.tif","D:\JupyterProject\storage\tiles\geotiffs\hold\labels\palu-tsunami_00000104_pre_disaster.json","D:\JupyterProject\storage\tiles\geotiffs\hold\labels\palu-tsunami_00000104_post_disaster.json","destroyed","1","14","0"
"hold","palu-tsunami","palu-tsunami_00000105","D:\JupyterProject\storage\tiles\geotiffs\hold\images\palu-tsunami_00000105_pre_disaster.tif","D:\JupyterProject\storage\tiles\geotiffs\hold\images\palu-tsunami_00000105_post_disaster.tif","D:\JupyterProject\storage\tiles\geotiffs\hold\labels\palu-tsunami_00000105_pre_disaster.json","D:\JupyterProject\storage\tiles\geotiffs\hold\labels\palu-tsunami_00000105_post_disaster.json","no-damage","0","674","3"
"hold","palu-tsunami","palu-tsunami_00000116","D:\JupyterProject\storage\tiles\geotiffs\hold\images\palu-tsunami_00000116_pre_disaster.tif","D:\JupyterProject\storage\tiles\geotiffs\hold\images\palu-tsunami_00000116_post_disaster.tif","D:\JupyterProject\storage\tiles\geotiffs\hold\labels\palu-tsunami_00000116_pre_disaster.json","D:\JupyterProject\storage\tiles\geotiffs\hold\labels\palu-tsunami_00000116_post_disaster.json","no-damage","0","128","0"
"hold","palu-tsunami","palu-tsunami_00000130","D:\JupyterProject\storage\tiles\geotiffs\hold\images\palu-tsunami_00000130_pre_disaster.tif","D:\JupyterProject\storage\tiles\geotiffs\hold\images\palu-tsunami_00000130_post_disaster.tif","D:\JupyterProject\storage\tiles\geotiffs\hold\labels\palu-tsunami_00000130_pre_disaster.json","D:\JupyterProject\storage\tiles\geotiffs\hold\labels\palu-tsunami_00000130_post_disaster.json","destroyed","1","246","0"
"hold","palu-tsunami","palu-tsunami_00000138","D:\JupyterProject\storage\tiles\geotiffs\hold\images\palu-tsunami_00000138_pre_disaster.tif","D:\JupyterProject\storage\tiles\geotiffs\hold\images\palu-tsunami_00000138_post_disaster.tif","D:\JupyterProject\storage\tiles\geotiffs\hold\labels\palu-tsunami_00000138_pre_disaster.json","D:\JupyterProject\storage\tiles\geotiffs\hold\labels\palu-tsunami_00000138_post_disaster.json","destroyed","1","189","0"
"hold","palu-tsunami","palu-tsunami_00000144","D:\JupyterProject\storage\tiles\geotiffs\hold\images\palu-tsunami_00000144_pre_disaster.tif","D:\JupyterProject\storage\tiles\geotiffs\hold\images\palu-tsunami_00000144_post_disaster.tif","D:\JupyterProject\storage\tiles\geotiffs\hold\labels\palu-tsunami_00000144_pre_disaster.json","D:\JupyterProject\storage\tiles\geotiffs\hold\labels\palu-tsunami_00000144_post_disaster.json","destroyed","1","160","0"
"hold","palu-tsunami","palu-tsunami_00000149","D:\JupyterProject\storage\tiles\geotiffs\hold\images\palu-tsunami_00000149_pre_disaster.tif","D:\JupyterProject\storage\tiles\geotiffs\hold\images\palu-tsunami_00000149_post_disaster.tif","D:\JupyterProject\storage\tiles\geotiffs\hold\labels\palu-tsunami_00000149_pre_disaster.json","D:\JupyterProject\storage\tiles\geotiffs\hold\labels\palu-tsunami_00000149_post_disaster.json","destroyed","1","128","0"
"hold","palu-tsunami","palu-tsunami_00000150","D:\JupyterProject\storage\tiles\geotiffs\hold\images\palu-tsunami_00000150_pre_disaster.tif","D:\JupyterProject\storage\tiles\geotiffs\hold\images\palu-tsunami_00000150_post_disaster.tif","D:\JupyterProject\storage\tiles\geotiffs\hold\labels\palu-tsunami_00000150_pre_disaster.json","D:\JupyterProject\storage\tiles\geotiffs\hold\labels\palu-tsunami_00000150_post_disaster.json","no-damage","0","553","0"
"hold","palu-tsunami","palu-tsunami_00000156","D:\JupyterProject\storage\tiles\geotiffs\hold\images\palu-tsunami_00000156_pre_disaster.tif","D:\JupyterProject\storage\tiles\geotiffs\hold\images\palu-tsunami_00000156_post_disaster.tif","D:\JupyterProject\storage\tiles\geotiffs\hold\labels\palu-tsunami_00000156_pre_disaster.json","D:\JupyterProject\storage\tiles\geotiffs\hold\labels\palu-tsunami_00000156_post_disaster.json","no-damage","0","0","0"
"hold","palu-tsunami","palu-tsunami_00000159","D:\JupyterProject\storage\tiles\geotiffs\hold\images\palu-tsunami_00000159_pre_disaster.tif","D:\JupyterProject\storage\tiles\geotiffs\hold\images\palu-tsunami_00000159_post_disaster.tif","D:\JupyterProject\storage\tiles\geotiffs\hold\labels\palu-tsunami_00000159_pre_disaster.json","D:\JupyterProject\storage\tiles\geotiffs\hold\labels\palu-tsunami_00000159_post_disaster.json","no-damage","0","569","2"
"hold","palu-tsunami","palu-tsunami_00000162","D:\JupyterProject\storage\tiles\geotiffs\hold\images\palu-tsunami_00000162_pre_disaster.tif","D:\JupyterProject\storage\tiles\geotiffs\hold\images\palu-tsunami_00000162_post_disaster.tif","D:\JupyterProject\storage\tiles\geotiffs\hold\labels\palu-tsunami_00000162_pre_disaster.json","D:\JupyterProject\storage\tiles\geotiffs\hold\labels\palu-tsunami_00000162_post_disaster.json","major-damage","1","77","0"
"hold","palu-tsunami","palu-tsunami_00000172","D:\JupyterProject\storage\tiles\geotiffs\hold\images\palu-tsunami_00000172_pre_disaster.tif","D:\JupyterProject\storage\tiles\geotiffs\hold\images\palu-tsunami_00000172_post_disaster.tif","D:\JupyterProject\storage\tiles\geotiffs\hold\labels\palu-tsunami_00000172_pre_disaster.json","D:\JupyterProject\storage\tiles\geotiffs\hold\labels\palu-tsunami_00000172_post_disaster.json","no-damage","0","382","0"
"hold","palu-tsunami","palu-tsunami_00000176","D:\JupyterProject\storage\tiles\geotiffs\hold\images\palu-tsunami_00000176_pre_disaster.tif","D:\JupyterProject\storage\tiles\geotiffs\hold\images\palu-tsunami_00000176_post_disaster.tif","D:\JupyterProject\storage\tiles\geotiffs\hold\labels\palu-tsunami_00000176_pre_disaster.json","D:\JupyterProject\storage\tiles\geotiffs\hold\labels\palu-tsunami_00000176_post_disaster.json","no-damage","0","308","0"
"hold","palu-tsunami","palu-tsunami_00000180","D:\JupyterProject\storage\tiles\geotiffs\hold\images\palu-tsunami_00000180_pre_disaster.tif","D:\JupyterProject\storage\tiles\geotiffs\hold\images\palu-tsunami_00000180_post_disaster.tif","D:\JupyterProject\storage\tiles\geotiffs\hold\labels\palu-tsunami_00000180_pre_disaster.json","D:\JupyterProject\storage\tiles\geotiffs\hold\labels\palu-tsunami_00000180_post_disaster.json","destroyed","1","408","0"
"hold","palu-tsunami","palu-tsunami_00000186","D:\JupyterProject\storage\tiles\geotiffs\hold\images\palu-tsunami_00000186_pre_disaster.tif","D:\JupyterProject\storage\tiles\geotiffs\hold\images\palu-tsunami_00000186_post_disaster.tif","D:\JupyterProject\storage\tiles\geotiffs\hold\labels\palu-tsunami_00000186_pre_disaster.json","D:\JupyterProject\storage\tiles\geotiffs\hold\labels\palu-tsunami_00000186_post_disaster.json","destroyed","1","7","0"
"hold","palu-tsunami","palu-tsunami_00000190","D:\JupyterProject\storage\tiles\geotiffs\hold\images\palu-tsunami_00000190_pre_disaster.tif","D:\JupyterProject\storage\tiles\geotiffs\hold\images\palu-tsunami_00000190_post_disaster.tif","D:\JupyterProject\storage\tiles\geotiffs\hold\labels\palu-tsunami_00000190_pre_disaster.json","D:\JupyterProject\storage\tiles\geotiffs\hold\labels\palu-tsunami_00000190_post_disaster.json","destroyed","1","589","0"
"hold","palu-tsunami","palu-tsunami_00000192","D:\JupyterProject\storage\tiles\geotiffs\hold\images\palu-tsunami_00000192_pre_disaster.tif","D:\JupyterProject\storage\tiles\geotiffs\hold\images\palu-tsunami_00000192_post_disaster.tif","D:\JupyterProject\storage\tiles\geotiffs\hold\labels\palu-tsunami_00000192_pre_disaster.json","D:\JupyterProject\storage\tiles\geotiffs\hold\labels\palu-tsunami_00000192_post_disaster.json","destroyed","1","69","1"
"hold","santa-rosa-wildfire","santa-rosa-wildfire_00000008","D:\JupyterProject\storage\tiles\geotiffs\hold\images\santa-rosa-wildfire_00000008_pre_disaster.tif","D:\JupyterProject\storage\tiles\geotiffs\hold\images\santa-rosa-wildfire_00000008_post_disaster.tif","D:\JupyterProject\storage\tiles\geotiffs\hold\labels\santa-rosa-wildfire_00000008_pre_disaster.json","D:\JupyterProject\storage\tiles\geotiffs\hold\labels\santa-rosa-wildfire_00000008_post_disaster.json","destroyed","1","24","1"
"hold","santa-rosa-wildfire","santa-rosa-wildfire_00000010","D:\JupyterProject\storage\tiles\geotiffs\hold\images\santa-rosa-wildfire_00000010_pre_disaster.tif","D:\JupyterProject\storage\tiles\geotiffs\hold\images\santa-rosa-wildfire_00000010_post_disaster.tif","D:\JupyterProject\storage\tiles\geotiffs\hold\labels\santa-rosa-wildfire_00000010_pre_disaster.json","D:\JupyterProject\storage\tiles\geotiffs\hold\labels\santa-rosa-wildfire_00000010_post_disaster.json","destroyed","1","135","0"
"hold","santa-rosa-wildfire","santa-rosa-wildfire_00000013","D:\JupyterProject\storage\tiles\geotiffs\hold\images\santa-rosa-wildfire_00000013_pre_disaster.tif","D:\JupyterProject\storage\tiles\geotiffs\hold\images\santa-rosa-wildfire_00000013_post_disaster.tif","D:\JupyterProject\storage\tiles\geotiffs\hold\labels\santa-rosa-wildfire_00000013_pre_disaster.json","D:\JupyterProject\storage\tiles\geotiffs\hold\labels\santa-rosa-wildfire_00000013_post_disaster.json","no-damage","0","6","0"
"hold","santa-rosa-wildfire","santa-rosa-wildfire_00000016","D:\JupyterProject\storage\tiles\geotiffs\hold\images\santa-rosa-wildfire_00000016_pre_disaster.tif","D:\JupyterProject\storage\tiles\geotiffs\hold\images\santa-rosa-wildfire_00000016_post_disaster.tif","D:\JupyterProject\storage\tiles\geotiffs\hold\labels\santa-rosa-wildfire_00000016_pre_disaster.json","D:\JupyterProject\storage\tiles\geotiffs\hold\labels\santa-rosa-wildfire_00000016_post_disaster.json","destroyed","1","22","0"
"hold","santa-rosa-wildfire","santa-rosa-wildfire_00000020","D:\JupyterProject\storage\tiles\geotiffs\hold\images\santa-rosa-wildfire_00000020_pre_disaster.tif","D:\JupyterProject\storage\tiles\geotiffs\hold\images\santa-rosa-wildfire_00000020_post_disaster.tif","D:\JupyterProject\storage\tiles\geotiffs\hold\labels\santa-rosa-wildfire_00000020_pre_disaster.json","D:\JupyterProject\storage\tiles\geotiffs\hold\labels\santa-rosa-wildfire_00000020_post_disaster.json","destroyed","1","1","0"
"hold","santa-rosa-wildfire","santa-rosa-wildfire_00000025","D:\JupyterProject\storage\tiles\geotiffs\hold\images\santa-rosa-wildfire_00000025_pre_disaster.tif","D:\JupyterProject\storage\tiles\geotiffs\hold\images\santa-rosa-wildfire_00000025_post_disaster.tif","D:\JupyterProject\storage\tiles\geotiffs\hold\labels\santa-rosa-wildfire_00000025_pre_disaster.json","D:\JupyterProject\storage\tiles\geotiffs\hold\labels\santa-rosa-wildfire_00000025_post_disaster.json","destroyed","1","18","0"
"hold","santa-rosa-wildfire","santa-rosa-wildfire_00000029","D:\JupyterProject\storage\tiles\geotiffs\hold\images\santa-rosa-wildfire_00000029_pre_disaster.tif","D:\JupyterProject\storage\tiles\geotiffs\hold\images\santa-rosa-wildfire_00000029_post_disaster.tif","D:\JupyterProject\storage\tiles\geotiffs\hold\labels\santa-rosa-wildfire_00000029_pre_disaster.json","D:\JupyterProject\storage\tiles\geotiffs\hold\labels\santa-rosa-wildfire_00000029_post_disaster.json","destroyed","1","164","0"
"hold","santa-rosa-wildfire","santa-rosa-wildfire_00000032","D:\JupyterProject\storage\tiles\geotiffs\hold\images\santa-rosa-wildfire_00000032_pre_disaster.tif","D:\JupyterProject\storage\tiles\geotiffs\hold\images\santa-rosa-wildfire_00000032_post_disaster.tif","D:\JupyterProject\storage\tiles\geotiffs\hold\labels\santa-rosa-wildfire_00000032_pre_disaster.json","D:\JupyterProject\storage\tiles\geotiffs\hold\labels\santa-rosa-wildfire_00000032_post_disaster.json","no-damage","0","11","1"
"hold","santa-rosa-wildfire","santa-rosa-wildfire_00000037","D:\JupyterProject\storage\tiles\geotiffs\hold\images\santa-rosa-wildfire_00000037_pre_disaster.tif","D:\JupyterProject\storage\tiles\geotiffs\hold\images\santa-rosa-wildfire_00000037_post_disaster.tif","D:\JupyterProject\storage\tiles\geotiffs\hold\labels\santa-rosa-wildfire_00000037_pre_disaster.json","D:\JupyterProject\storage\tiles\geotiffs\hold\labels\santa-rosa-wildfire_00000037_post_disaster.json","destroyed","1","11","0"
"hold","santa-rosa-wildfire","santa-rosa-wildfire_00000048","D:\JupyterProject\storage\tiles\geotiffs\hold\images\santa-rosa-wildfire_00000048_pre_disaster.tif","D:\JupyterProject\storage\tiles\geotiffs\hold\images\santa-rosa-wildfire_00000048_post_disaster.tif","D:\JupyterProject\storage\tiles\geotiffs\hold\labels\santa-rosa-wildfire_00000048_pre_disaster.json","D:\JupyterProject\storage\tiles\geotiffs\hold\labels\santa-rosa-wildfire_00000048_post_disaster.json","destroyed","1","42","0"
"hold","santa-rosa-wildfire","santa-rosa-wildfire_00000053","D:\JupyterProject\storage\tiles\geotiffs\hold\images\santa-rosa-wildfire_00000053_pre_disaster.tif","D:\JupyterProject\storage\tiles\geotiffs\hold\images\santa-rosa-wildfire_00000053_post_disaster.tif","D:\JupyterProject\storage\tiles\geotiffs\hold\labels\santa-rosa-wildfire_00000053_pre_disaster.json","D:\JupyterProject\storage\tiles\geotiffs\hold\labels\santa-rosa-wildfire_00000053_post_disaster.json","no-damage","0","151","0"
"hold","santa-rosa-wildfire","santa-rosa-wildfire_00000054","D:\JupyterProject\storage\tiles\geotiffs\hold\images\santa-rosa-wildfire_00000054_pre_disaster.tif","D:\JupyterProject\storage\tiles\geotiffs\hold\images\santa-rosa-wildfire_00000054_post_disaster.tif","D:\JupyterProject\storage\tiles\geotiffs\hold\labels\santa-rosa-wildfire_00000054_pre_disaster.json","D:\JupyterProject\storage\tiles\geotiffs\hold\labels\santa-rosa-wildfire_00000054_post_disaster.json","destroyed","1","28","0"
"hold","santa-rosa-wildfire","santa-rosa-wildfire_00000061","D:\JupyterProject\storage\tiles\geotiffs\hold\images\santa-rosa-wildfire_00000061_pre_disaster.tif","D:\JupyterProject\storage\tiles\geotiffs\hold\images\santa-rosa-wildfire_00000061_post_disaster.tif","D:\JupyterProject\storage\tiles\geotiffs\hold\labels\santa-rosa-wildfire_00000061_pre_disaster.json","D:\JupyterProject\storage\tiles\geotiffs\hold\labels\santa-rosa-wildfire_00000061_post_disaster.json","no-damage","0","173","0"
"hold","santa-rosa-wildfire","santa-rosa-wildfire_00000062","D:\JupyterProject\storage\tiles\geotiffs\hold\images\santa-rosa-wildfire_00000062_pre_disaster.tif","D:\JupyterProject\storage\tiles\geotiffs\hold\images\santa-rosa-wildfire_00000062_post_disaster.tif","D:\JupyterProject\storage\tiles\geotiffs\hold\labels\santa-rosa-wildfire_00000062_pre_disaster.json","D:\JupyterProject\storage\tiles\geotiffs\hold\labels\santa-rosa-wildfire_00000062_post_disaster.json","destroyed","1","17","0"
"hold","santa-rosa-wildfire","santa-rosa-wildfire_00000064","D:\JupyterProject\storage\tiles\geotiffs\hold\images\santa-rosa-wildfire_00000064_pre_disaster.tif","D:\JupyterProject\storage\tiles\geotiffs\hold\images\santa-rosa-wildfire_00000064_post_disaster.tif","D:\JupyterProject\storage\tiles\geotiffs\hold\labels\santa-rosa-wildfire_00000064_pre_disaster.json","D:\JupyterProject\storage\tiles\geotiffs\hold\labels\santa-rosa-wildfire_00000064_post_disaster.json","no-damage","0","76","0"
"hold","santa-rosa-wildfire","santa-rosa-wildfire_00000077","D:\JupyterProject\storage\tiles\geotiffs\hold\images\santa-rosa-wildfire_00000077_pre_disaster.tif","D:\JupyterProject\storage\tiles\geotiffs\hold\images\santa-rosa-wildfire_00000077_post_disaster.tif","D:\JupyterProject\storage\tiles\geotiffs\hold\labels\santa-rosa-wildfire_00000077_pre_disaster.json","D:\JupyterProject\storage\tiles\geotiffs\hold\labels\santa-rosa-wildfire_00000077_post_disaster.json","destroyed","1","176","4"
"hold","santa-rosa-wildfire","santa-rosa-wildfire_00000080","D:\JupyterProject\storage\tiles\geotiffs\hold\images\santa-rosa-wildfire_00000080_pre_disaster.tif","D:\JupyterProject\storage\tiles\geotiffs\hold\images\santa-rosa-wildfire_00000080_post_disaster.tif","D:\JupyterProject\storage\tiles\geotiffs\hold\labels\santa-rosa-wildfire_00000080_pre_disaster.json","D:\JupyterProject\storage\tiles\geotiffs\hold\labels\santa-rosa-wildfire_00000080_post_disaster.json","destroyed","1","35","0"
"hold","santa-rosa-wildfire","santa-rosa-wildfire_00000083","D:\JupyterProject\storage\tiles\geotiffs\hold\images\santa-rosa-wildfire_00000083_pre_disaster.tif","D:\JupyterProject\storage\tiles\geotiffs\hold\images\santa-rosa-wildfire_00000083_post_disaster.tif","D:\JupyterProject\storage\tiles\geotiffs\hold\labels\santa-rosa-wildfire_00000083_pre_disaster.json","D:\JupyterProject\storage\tiles\geotiffs\hold\labels\santa-rosa-wildfire_00000083_post_disaster.json","destroyed","1","1","0"
"hold","santa-rosa-wildfire","santa-rosa-wildfire_00000092","D:\JupyterProject\storage\tiles\geotiffs\hold\images\santa-rosa-wildfire_00000092_pre_disaster.tif","D:\JupyterProject\storage\tiles\geotiffs\hold\images\santa-rosa-wildfire_00000092_post_disaster.tif","D:\JupyterProject\storage\tiles\geotiffs\hold\labels\santa-rosa-wildfire_00000092_pre_disaster.json","D:\JupyterProject\storage\tiles\geotiffs\hold\labels\santa-rosa-wildfire_00000092_post_disaster.json","destroyed","1","89","0"
"hold","santa-rosa-wildfire","santa-rosa-wildfire_00000104","D:\JupyterProject\storage\tiles\geotiffs\hold\images\santa-rosa-wildfire_00000104_pre_disaster.tif","D:\JupyterProject\storage\tiles\geotiffs\hold\images\santa-rosa-wildfire_00000104_post_disaster.tif","D:\JupyterProject\storage\tiles\geotiffs\hold\labels\santa-rosa-wildfire_00000104_pre_disaster.json","D:\JupyterProject\storage\tiles\geotiffs\hold\labels\santa-rosa-wildfire_00000104_post_disaster.json","destroyed","1","19","0"
"hold","santa-rosa-wildfire","santa-rosa-wildfire_00000107","D:\JupyterProject\storage\tiles\geotiffs\hold\images\santa-rosa-wildfire_00000107_pre_disaster.tif","D:\JupyterProject\storage\tiles\geotiffs\hold\images\santa-rosa-wildfire_00000107_post_disaster.tif","D:\JupyterProject\storage\tiles\geotiffs\hold\labels\santa-rosa-wildfire_00000107_pre_disaster.json","D:\JupyterProject\storage\tiles\geotiffs\hold\labels\santa-rosa-wildfire_00000107_post_disaster.json","destroyed","1","21","0"
"hold","santa-rosa-wildfire","santa-rosa-wildfire_00000108","D:\JupyterProject\storage\tiles\geotiffs\hold\images\santa-rosa-wildfire_00000108_pre_disaster.tif","D:\JupyterProject\storage\tiles\geotiffs\hold\images\santa-rosa-wildfire_00000108_post_disaster.tif","D:\JupyterProject\storage\tiles\geotiffs\hold\labels\santa-rosa-wildfire_00000108_pre_disaster.json","D:\JupyterProject\storage\tiles\geotiffs\hold\labels\santa-rosa-wildfire_00000108_post_disaster.json","no-damage","0","364","0"
"hold","santa-rosa-wildfire","santa-rosa-wildfire_00000112","D:\JupyterProject\storage\tiles\geotiffs\hold\images\santa-rosa-wildfire_00000112_pre_disaster.tif","D:\JupyterProject\storage\tiles\geotiffs\hold\images\santa-rosa-wildfire_00000112_post_disaster.tif","D:\JupyterProject\storage\tiles\geotiffs\hold\labels\santa-rosa-wildfire_00000112_pre_disaster.json","D:\JupyterProject\storage\tiles\geotiffs\hold\labels\santa-rosa-wildfire_00000112_post_disaster.json","destroyed","1","11","1"
"hold","santa-rosa-wildfire","santa-rosa-wildfire_00000115","D:\JupyterProject\storage\tiles\geotiffs\hold\images\santa-rosa-wildfire_00000115_pre_disaster.tif","D:\JupyterProject\storage\tiles\geotiffs\hold\images\santa-rosa-wildfire_00000115_post_disaster.tif","D:\JupyterProject\storage\tiles\geotiffs\hold\labels\santa-rosa-wildfire_00000115_pre_disaster.json","D:\JupyterProject\storage\tiles\geotiffs\hold\labels\santa-rosa-wildfire_00000115_post_disaster.json","destroyed","1","42","0"
"hold","santa-rosa-wildfire","santa-rosa-wildfire_00000120","D:\JupyterProject\storage\tiles\geotiffs\hold\images\santa-rosa-wildfire_00000120_pre_disaster.tif","D:\JupyterProject\storage\tiles\geotiffs\hold\images\santa-rosa-wildfire_00000120_post_disaster.tif","D:\JupyterProject\storage\tiles\geotiffs\hold\labels\santa-rosa-wildfire_00000120_pre_disaster.json","D:\JupyterProject\storage\tiles\geotiffs\hold\labels\santa-rosa-wildfire_00000120_post_disaster.json","destroyed","1","9","0"
"hold","santa-rosa-wildfire","santa-rosa-wildfire_00000121","D:\JupyterProject\storage\tiles\geotiffs\hold\images\santa-rosa-wildfire_00000121_pre_disaster.tif","D:\JupyterProject\storage\tiles\geotiffs\hold\images\santa-rosa-wildfire_00000121_post_disaster.tif","D:\JupyterProject\storage\tiles\geotiffs\hold\labels\santa-rosa-wildfire_00000121_pre_disaster.json","D:\JupyterProject\storage\tiles\geotiffs\hold\labels\santa-rosa-wildfire_00000121_post_disaster.json","destroyed","1","73","0"
